cpu_usage,memory_usage,requests_per_sec,latency_ms,failure_label
11.38,31.0,105.8,77.6,0
59.07,23.48,155.48,17.53,0
37.79,21.06,99.71,70.24,0
22.12,43.57,252.36,15.55,0
48.4,33.61,88.87,96.36,0
15.1,23.87,261.87,66.32,0
50.14,41.45,293.28,47.18,0
55.62,44.74,265.43,64.07,0
12.52,29.12,122.35,21.78,0
15.56,31.12,208.92,46.01,0
21.52,30.68,284.16,70.08,0
19.41,49.17,90.85,47.25,0
95.68,91.14,35.81,821.43,1
22.6,21.28,128.86,37.76,0
61.86,55.05,128.67,70.71,0
60.3,38.35,116.22,35.96,0
24.45,43.38,274.46,48.95,0
64.86,40.38,72.73,19.0,0
44.51,51.68,155.54,20.4,0
64.79,41.16,292.77,88.17,0
49.64,47.27,184.24,37.68,0
16.14,37.39,163.43,96.07,0
75.79,72.51,385.73,378.16,1
76.57,75.97,471.79,188.21,1
39.67,51.15,182.59,15.05,0
11.07,57.16,269.68,85.69,0
13.19,55.12,286.74,22.28,0
13.81,50.42,241.46,25.91,0
40.24,30.6,268.11,50.97,0
39.66,49.2,100.29,41.5,0
95.8,88.76,28.29,460.5,1
28.59,43.53,107.53,33.72,0
44.71,29.16,276.36,88.07,0
23.09,46.76,103.56,26.25,0
82.56,71.82,506.92,351.87,1
15.33,37.24,155.89,54.7,0
47.04,59.37,74.6,49.22,0
57.39,29.95,97.55,53.13,0
25.32,29.99,280.82,52.67,0
82.11,61.26,549.86,359.01,1
99.12,96.97,12.48,642.82,1
32.06,22.35,144.74,98.75,0
53.12,38.2,155.75,96.37,0
94.67,94.37,11.97,548.35,1
94.95,90.84,38.66,428.58,1
37.66,54.11,89.36,96.67,0
20.22,43.8,218.8,34.99,0
58.97,29.85,198.63,67.65,0
42.1,40.91,283.68,32.36,0
23.13,35.83,217.92,40.5,0
51.35,22.9,164.57,99.87,0
88.88,84.26,16.93,866.63,1
89.34,69.24,381.55,358.44,1
43.64,59.49,213.49,15.66,0
26.47,46.54,284.73,26.41,0
15.89,42.13,118.09,66.41,0
21.2,45.37,116.0,56.53,0
88.61,62.31,434.72,219.17,1
52.41,45.48,115.49,78.0,0
33.52,20.39,68.81,90.06,0
82.0,80.86,466.5,187.02,1
26.95,55.96,249.03,88.16,0
74.62,66.24,370.56,345.03,1
78.94,75.52,380.91,382.47,1
91.48,80.27,526.28,156.2,1
28.27,57.23,250.56,88.45,0
24.67,51.49,77.02,89.13,0
74.89,80.41,442.06,226.3,1
22.52,20.95,98.28,42.9,0
91.27,66.98,478.3,249.92,1
94.43,98.78,10.19,885.2,1
62.94,30.62,77.1,51.94,0
27.25,44.25,177.86,47.74,0
24.01,48.35,50.42,93.67,0
49.57,49.68,217.66,45.96,0
46.53,33.21,128.48,87.08,0
26.52,32.37,152.1,49.2,0
17.0,36.82,285.09,72.57,0
83.54,67.52,459.59,150.1,1
33.64,43.2,213.68,54.52,0
21.75,38.93,275.3,82.66,0
14.66,40.62,208.24,43.49,0
51.31,46.91,106.16,31.93,0
23.47,39.01,262.43,21.19,0
44.64,27.78,224.09,57.02,0
46.08,20.22,237.74,80.45,0
33.38,27.04,289.49,59.03,0
23.71,53.93,164.12,83.12,0
64.33,43.82,287.51,90.77,0
49.56,40.19,257.64,61.57,0
86.36,71.87,401.84,211.81,1
52.12,40.85,206.69,38.34,0
25.72,30.87,129.93,60.91,0
22.72,47.76,226.6,20.46,0
39.84,36.63,101.71,50.71,0
82.85,77.39,521.35,341.4,1
10.32,34.07,238.37,87.54,0
93.03,94.95,29.58,701.63,1
22.07,37.43,57.26,43.57,0
32.24,26.6,166.85,25.85,0
11.48,35.76,191.1,17.3,0
17.46,38.47,62.57,47.22,0
27.98,50.45,144.78,78.92,0
23.87,23.28,54.85,60.85,0
92.2,93.0,40.16,725.88,1
62.23,27.97,55.1,27.95,0
46.82,42.56,104.49,74.45,0
19.23,44.29,236.98,24.74,0
63.06,24.32,56.42,41.52,0
62.7,35.87,228.75,21.46,0
44.5,24.08,243.12,87.27,0
16.66,59.35,245.66,44.51,0
30.38,40.24,135.31,87.21,0
15.8,58.43,208.9,85.44,0
33.95,49.35,291.37,37.96,0
39.6,39.34,158.89,77.14,0
56.84,53.23,71.67,89.94,0
35.56,44.41,144.75,17.44,0
74.0,65.3,509.57,235.08,1
85.43,66.91,352.03,387.02,1
49.6,39.54,239.54,73.7,0
37.0,51.72,73.26,33.84,0
26.84,43.26,168.32,60.13,0
51.03,33.23,225.71,38.03,0
16.64,27.7,79.89,60.55,0
20.18,28.66,171.05,76.59,0
94.3,85.66,9.52,497.06,1
19.87,20.57,183.53,38.32,0
94.64,93.95,10.68,834.23,1
58.0,42.96,167.35,52.44,0
12.83,57.64,169.43,84.88,0
14.07,45.18,63.4,27.68,0
26.71,59.76,79.61,79.98,0
53.49,29.03,180.64,53.29,0
57.31,59.6,126.35,67.79,0
50.7,57.9,101.95,32.94,0
18.64,26.95,68.77,15.23,0
42.66,31.65,107.87,75.09,0
34.97,47.5,280.98,81.97,0
46.37,57.35,156.28,61.29,0
59.96,53.07,67.85,29.1,0
51.19,42.77,122.15,25.57,0
48.49,57.71,175.12,56.97,0
12.19,37.28,130.58,36.28,0
62.91,53.44,193.8,95.82,0
96.07,85.39,6.81,778.13,1
45.83,56.64,95.37,64.75,0
37.04,23.65,136.99,43.33,0
57.18,33.19,223.42,39.5,0
87.9,73.75,440.97,228.63,1
63.36,36.17,178.65,98.99,0
39.84,36.53,96.9,45.75,0
44.4,50.4,100.89,61.68,0
79.64,77.46,374.29,393.29,1
23.16,26.34,187.71,61.94,0
64.57,56.52,165.36,24.98,0
37.41,48.66,177.22,38.24,0
63.91,29.75,187.82,47.6,0
81.18,81.98,522.81,219.06,1
32.82,57.37,176.93,84.75,0
26.42,43.48,299.73,56.62,0
39.62,33.8,187.98,61.19,0
27.7,27.55,224.37,63.6,0
52.65,21.75,236.18,74.94,0
31.23,46.55,255.19,98.37,0
12.04,40.09,197.55,88.92,0
79.69,73.15,441.39,330.61,1
46.01,26.17,167.37,97.38,0
48.1,45.99,262.94,87.45,0
78.36,67.92,493.74,339.85,1
70.79,61.71,476.23,380.23,1
96.96,88.68,9.43,716.87,1
79.76,77.35,530.68,161.5,1
26.14,34.99,86.39,60.15,0
53.59,26.8,69.74,89.02,0
23.25,56.51,85.78,54.2,0
24.04,20.38,251.16,91.6,0
18.69,37.67,136.39,64.94,0
33.34,30.0,261.33,31.93,0
36.58,29.49,192.98,63.86,0
91.54,99.56,34.62,537.24,1
47.72,49.79,62.26,66.54,0
59.73,31.45,249.72,66.6,0
45.01,44.84,219.44,76.28,0
56.11,45.13,275.85,69.94,0
34.25,43.18,233.09,22.66,0
51.11,27.03,83.04,60.85,0
94.37,98.27,42.37,528.49,1
36.5,52.26,236.64,43.79,0
62.96,25.63,291.63,88.11,0
63.9,58.69,251.15,46.09,0
10.77,41.46,163.7,72.19,0
42.15,52.9,285.07,24.21,0
11.38,55.37,190.35,92.8,0
13.48,52.95,277.35,40.69,0
17.69,57.85,126.09,56.87,0
58.8,25.43,163.41,71.99,0
62.03,36.77,235.57,28.13,0
15.45,39.57,152.03,95.88,0
30.38,37.74,287.64,87.71,0
47.71,41.78,294.46,45.49,0
20.44,24.89,262.01,53.65,0
45.29,43.89,55.34,81.88,0
16.93,42.58,67.15,80.04,0
21.88,54.79,132.14,27.54,0
70.06,81.46,378.94,182.5,1
19.6,46.44,56.45,16.26,0
23.09,32.95,93.56,19.45,0
38.93,49.83,169.06,81.13,0
16.0,40.15,286.35,18.69,0
57.68,40.86,164.51,96.94,0
36.34,36.06,221.52,56.67,0
71.62,62.02,471.66,166.42,1
44.82,41.93,131.3,99.54,0
34.95,44.22,74.79,74.65,0
84.32,79.22,494.17,203.76,1
22.57,33.56,163.37,50.36,0
33.47,46.6,143.58,27.97,0
71.48,80.79,368.65,174.14,1
54.65,42.25,196.62,62.73,0
16.72,34.14,216.34,78.77,0
85.86,84.21,470.08,237.91,1
21.7,46.27,106.06,24.2,0
30.22,50.5,193.53,83.61,0
63.6,52.74,203.39,69.63,0
61.1,53.18,116.86,30.34,0
26.99,33.59,51.53,88.94,0
32.04,25.67,208.29,17.61,0
21.83,36.79,135.22,46.45,0
52.73,42.7,71.24,19.47,0
43.98,46.96,118.03,71.26,0
34.31,30.93,238.74,24.67,0
25.58,47.14,171.66,71.71,0
31.74,43.97,51.92,40.62,0
17.55,30.22,132.03,15.66,0
19.66,35.21,225.92,57.52,0
54.34,22.88,265.44,18.6,0
60.66,54.48,193.94,63.74,0
32.97,24.61,55.21,42.61,0
44.0,53.28,279.94,22.49,0
23.38,43.55,180.99,48.64,0
28.67,33.32,92.03,58.39,0
38.05,56.24,137.34,76.83,0
54.83,29.45,86.61,31.77,0
51.81,46.22,94.29,80.69,0
51.49,50.4,162.23,93.55,0
44.94,44.98,266.06,68.31,0
13.76,37.69,125.71,38.35,0
37.9,32.42,162.98,19.84,0
14.22,54.57,263.82,67.28,0
35.45,42.17,247.95,91.15,0
54.54,46.07,130.38,55.43,0
13.4,24.14,274.78,44.19,0
37.75,26.9,111.94,52.21,0
38.75,26.35,143.21,39.05,0
28.61,43.92,247.31,70.02,0
15.2,47.14,121.04,76.52,0
59.85,54.93,133.34,64.53,0
29.24,58.71,224.62,48.32,0
61.59,32.38,144.17,82.29,0
46.86,53.16,234.69,73.26,0
45.53,36.94,140.46,45.82,0
21.78,57.91,171.57,34.26,0
14.24,53.78,75.29,80.52,0
58.6,21.51,134.19,80.14,0
30.72,26.49,257.84,80.54,0
19.1,37.51,152.71,72.49,0
34.43,31.4,237.13,53.16,0
27.02,52.34,167.25,85.98,0
62.09,59.38,165.42,38.95,0
39.01,58.65,254.22,83.11,0
23.75,45.65,268.53,62.14,0
56.52,54.05,121.27,79.86,0
59.79,25.89,159.37,95.45,0
34.81,33.98,56.67,19.53,0
22.97,59.78,143.73,17.4,0
88.46,76.25,508.28,184.4,1
55.64,47.84,84.7,74.97,0
10.29,23.17,113.98,85.97,0
50.0,41.11,77.8,39.49,0
12.63,36.79,248.47,53.85,0
59.78,43.87,54.11,58.81,0
17.9,37.17,203.7,35.45,0
46.54,23.42,293.66,20.75,0
37.9,59.53,188.54,48.19,0
44.96,59.24,113.41,16.38,0
28.96,49.32,207.06,80.58,0
28.29,21.77,186.5,84.15,0
52.85,38.58,223.85,68.7,0
13.47,51.05,164.42,39.94,0
20.97,21.68,283.34,58.81,0
94.52,85.07,38.9,495.55,1
52.95,54.63,132.98,25.58,0
58.92,49.73,273.66,47.86,0
93.95,89.95,46.59,659.64,1
49.99,23.16,200.61,84.9,0
27.67,23.2,215.23,41.05,0
33.44,47.59,137.89,18.6,0
77.76,84.95,404.91,395.01,1
71.65,75.94,422.66,350.27,1
62.4,25.71,201.89,81.41,0
13.7,51.14,141.58,47.54,0
43.28,47.16,287.21,46.62,0
41.57,41.18,149.51,70.21,0
16.24,49.43,174.76,47.89,0
24.4,30.41,161.57,99.69,0
60.41,39.65,80.66,87.49,0
59.43,37.8,71.95,72.96,0
27.58,33.9,66.23,61.08,0
88.73,77.8,535.46,309.43,1
37.98,24.85,100.25,26.8,0
11.45,42.16,142.23,83.31,0
43.66,23.45,127.32,99.97,0
38.91,50.77,255.83,21.27,0
95.71,89.0,35.6,572.26,1
87.17,75.99,386.39,391.57,1
60.09,22.22,81.04,28.01,0
27.75,48.37,136.51,94.98,0
88.61,66.27,477.01,287.71,1
26.66,41.34,175.64,29.33,0
73.39,76.47,494.13,301.28,1
41.0,53.01,57.09,18.86,0
41.72,46.05,241.74,50.41,0
37.39,45.09,122.42,96.32,0
54.26,47.4,124.36,21.2,0
34.18,39.37,101.01,66.57,0
49.51,49.37,265.19,97.91,0
30.38,42.47,129.78,54.65,0
23.64,23.87,122.55,47.65,0
23.65,54.61,89.92,42.83,0
27.2,50.52,174.57,58.75,0
26.97,20.93,286.31,57.96,0
90.58,87.06,7.27,647.45,1
84.39,71.76,457.34,361.79,1
58.54,49.1,240.96,46.1,0
41.37,27.79,188.31,21.25,0
52.04,31.19,297.27,72.83,0
63.63,35.76,248.72,43.82,0
86.61,64.98,451.82,275.02,1
17.54,33.32,168.44,53.84,0
38.35,33.12,203.27,28.81,0
96.87,85.98,20.14,814.14,1
48.98,31.99,253.94,46.31,0
63.89,43.35,249.19,76.65,0
11.47,38.98,291.77,81.55,0
41.77,48.86,195.88,29.49,0
44.09,53.65,86.94,72.86,0
62.15,24.4,54.73,41.66,0
47.98,36.42,243.74,93.24,0
86.19,61.56,377.62,201.84,1
46.42,41.02,128.44,29.72,0
77.53,68.86,504.4,330.23,1
48.13,44.4,98.07,35.95,0
22.37,58.92,124.4,39.57,0
48.77,32.68,137.2,94.36,0
25.04,24.87,219.16,47.27,0
97.82,99.09,41.21,545.23,1
49.28,33.85,160.59,36.8,0
21.11,41.54,283.26,74.17,0
43.86,43.47,110.61,71.94,0
45.09,22.1,153.33,75.98,0
52.39,20.21,187.59,93.97,0
61.43,55.14,169.36,31.95,0
91.85,92.92,45.86,444.73,1
39.43,48.92,284.17,92.62,0
58.52,27.03,279.91,99.76,0
37.25,57.46,290.53,93.71,0
70.2,74.2,371.46,395.75,1
64.4,41.73,173.48,94.78,0
80.3,64.82,372.53,190.62,1
24.15,27.45,234.15,82.22,0
51.65,27.02,264.04,91.25,0
38.34,23.47,217.31,30.71,0
27.8,29.92,115.2,35.02,0
62.47,32.08,230.72,15.97,0
48.1,22.48,79.56,41.08,0
37.64,55.8,225.89,41.43,0
60.39,31.8,203.66,33.63,0
18.43,49.91,201.43,50.35,0
35.9,41.5,216.02,33.56,0
51.51,54.93,70.47,52.97,0
14.3,42.57,65.44,61.55,0
41.5,25.99,132.03,59.23,0
21.3,43.33,72.74,58.38,0
34.94,40.53,164.2,19.91,0
54.38,48.93,148.99,84.4,0
41.81,21.81,136.13,20.42,0
99.21,81.38,47.02,415.87,1
52.29,50.63,294.58,69.9,0
64.61,35.3,267.41,92.08,0
47.55,46.47,184.83,70.55,0
19.82,41.49,182.21,76.87,0
10.19,20.91,124.59,72.25,0
39.26,52.93,111.88,44.42,0
61.56,49.0,78.21,83.81,0
52.13,55.35,53.91,32.52,0
11.85,43.91,225.82,19.14,0
32.12,29.37,104.32,88.42,0
37.71,31.57,253.95,77.18,0
42.89,46.9,130.17,40.65,0
46.31,28.84,125.13,20.18,0
89.35,82.79,475.2,256.8,1
63.48,57.66,217.84,81.79,0
32.9,25.97,144.12,79.13,0
56.71,32.03,226.89,83.49,0
82.37,84.19,461.46,183.52,1
21.18,45.87,280.56,87.01,0
49.85,27.62,117.12,72.26,0
58.05,27.53,240.42,76.57,0
36.37,54.78,133.24,96.35,0
61.54,58.48,79.33,99.96,0
23.34,44.18,101.13,92.79,0
52.65,35.23,183.41,45.54,0
38.2,39.89,74.65,98.41,0
56.19,56.57,142.68,50.18,0
22.17,25.84,115.19,94.45,0
32.97,26.1,132.47,47.29,0
37.46,46.18,221.21,36.87,0
63.16,45.67,172.65,29.3,0
19.31,48.81,172.08,92.94,0
45.3,22.35,58.46,86.97,0
84.7,79.11,432.48,360.64,1
48.89,20.37,176.43,46.72,0
46.67,44.66,170.8,56.47,0
40.34,20.47,182.35,38.35,0
88.21,96.26,35.33,803.08,1
72.35,62.41,379.78,197.98,1
54.84,30.69,149.22,46.71,0
41.08,59.61,106.46,73.14,0
45.96,54.33,239.9,22.95,0
40.4,22.24,52.36,29.57,0
33.87,51.38,191.46,87.93,0
39.05,21.7,102.85,88.79,0
80.46,61.16,364.87,381.4,1
82.4,60.82,535.75,228.62,1
95.04,95.05,37.07,599.15,1
18.93,29.62,258.66,48.08,0
77.3,78.89,377.99,397.12,1
37.54,58.97,63.42,52.15,0
28.73,50.76,288.71,48.72,0
11.63,30.93,298.15,56.7,0
61.76,37.27,219.92,71.16,0
44.02,51.92,228.28,21.97,0
49.14,45.36,234.91,41.92,0
10.29,32.33,139.98,37.93,0
20.31,37.95,188.69,49.68,0
29.47,23.72,199.51,42.58,0
26.05,35.51,71.17,91.6,0
91.52,74.3,383.92,245.18,1
26.56,39.72,65.82,51.95,0
36.63,23.08,112.92,35.96,0
42.66,27.82,76.74,40.9,0
77.31,75.5,510.82,232.39,1
54.85,54.38,293.56,26.57,0
62.1,28.03,128.55,96.99,0
91.5,93.9,27.1,687.94,1
30.68,52.66,148.23,24.68,0
42.57,41.83,220.43,61.76,0
93.54,94.17,24.73,545.67,1
55.04,51.83,152.29,57.44,0
23.31,46.35,228.81,82.07,0
64.49,39.17,150.2,58.06,0
85.22,73.59,508.14,239.88,1
81.81,75.95,367.0,342.24,1
29.53,45.88,61.07,98.61,0
31.98,50.11,291.43,51.59,0
24.23,40.43,179.7,64.34,0
34.52,35.65,243.09,65.03,0
28.97,20.98,76.14,50.36,0
89.39,98.81,11.38,555.95,1
21.38,39.32,169.04,52.24,0
27.54,32.01,252.55,24.78,0
45.64,47.09,91.09,98.63,0
19.59,26.41,189.96,96.47,0
32.28,27.38,210.12,51.73,0
43.78,27.89,198.05,48.05,0
21.32,50.09,252.18,20.32,0
57.96,27.48,131.5,53.89,0
57.45,41.11,209.78,65.74,0
42.29,33.92,261.38,67.48,0
48.83,31.9,203.62,22.2,0
16.48,32.22,95.76,73.94,0
33.0,25.51,145.93,30.79,0
48.14,45.81,299.97,62.17,0
17.72,32.58,162.75,19.56,0
10.53,25.46,253.8,96.93,0
37.22,47.39,153.91,86.39,0
14.55,21.23,240.26,39.83,0
39.57,26.73,164.33,78.11,0
40.23,24.53,78.55,80.88,0
30.18,52.9,60.4,76.11,0
64.44,24.1,257.52,78.86,0
64.96,37.99,137.14,84.42,0
64.67,51.03,109.24,83.91,0
29.28,48.43,208.19,29.11,0
21.36,28.28,64.84,44.82,0
39.63,32.95,226.01,39.59,0
57.19,59.42,219.82,23.09,0
97.43,98.38,49.66,833.52,1
57.63,29.99,227.85,85.42,0
47.19,39.58,194.36,37.84,0
34.86,45.35,270.03,22.91,0
25.3,57.45,142.27,95.77,0
10.14,50.97,233.18,77.13,0
46.53,34.33,65.83,60.43,0
33.63,28.47,117.13,85.41,0
41.79,42.65,171.33,44.22,0
12.66,23.98,245.97,54.06,0
57.17,37.65,50.17,96.43,0
47.87,25.28,212.5,28.51,0
76.03,76.36,400.08,242.96,1
73.64,69.91,411.1,324.86,1
46.05,48.15,50.27,55.53,0
22.44,47.2,52.32,74.13,0
64.35,36.89,83.04,21.02,0
50.19,24.1,128.34,89.88,0
52.54,50.13,83.29,99.4,0
39.18,20.34,212.51,52.41,0
44.54,26.05,152.93,73.36,0
71.91,62.51,500.49,297.39,1
62.98,32.58,84.96,38.54,0
40.44,44.0,201.9,81.21,0
56.63,46.34,125.41,59.01,0
51.13,31.82,63.64,91.32,0
93.94,82.25,27.48,696.96,1
63.77,59.48,283.48,26.22,0
82.5,69.14,486.59,340.68,1
97.24,80.33,8.04,531.09,1
13.33,51.57,176.65,68.43,0
32.85,48.07,70.61,60.61,0
25.26,32.4,177.83,32.27,0
39.5,35.63,208.57,85.93,0
13.64,47.95,232.49,86.95,0
14.74,37.38,163.34,66.75,0
50.79,49.63,79.86,75.17,0
19.01,58.12,180.75,81.55,0
19.18,25.08,245.28,37.84,0
86.97,60.73,511.42,218.0,1
49.18,43.07,69.27,53.69,0
37.48,42.68,141.92,36.68,0
41.57,48.91,107.1,58.25,0
57.46,29.78,167.94,47.55,0
61.21,54.3,188.22,92.69,0
33.07,32.87,154.06,76.22,0
14.28,34.91,175.51,91.66,0
54.24,59.26,288.52,20.86,0
25.53,53.79,131.83,62.01,0
21.04,42.55,125.98,67.93,0
42.54,39.73,243.15,31.61,0
86.73,66.13,351.28,252.51,1
29.05,53.58,269.3,95.83,0
46.15,53.96,231.8,23.84,0
23.1,39.68,64.97,99.74,0
15.12,56.85,274.32,59.18,0
30.49,58.98,71.23,23.12,0
55.1,22.99,191.96,51.97,0
90.84,85.22,19.18,800.41,1
50.44,32.72,117.99,21.35,0
52.9,43.39,88.85,28.97,0
32.36,41.44,291.16,32.65,0
24.58,24.8,89.4,73.31,0
48.33,21.61,258.98,42.86,0
23.65,34.23,178.36,72.56,0
64.49,21.24,151.1,53.44,0
23.74,38.48,250.97,26.88,0
55.67,59.3,82.68,85.01,0
44.67,45.79,195.58,37.0,0
11.2,22.58,275.62,52.69,0
59.78,53.17,132.89,18.63,0
19.24,42.96,255.42,48.57,0
47.58,26.91,103.68,30.91,0
58.59,21.39,204.79,35.89,0
32.66,42.03,65.24,38.78,0
20.97,55.39,181.45,68.61,0
53.72,59.58,245.48,45.52,0
36.66,56.51,175.6,48.01,0
27.54,28.76,273.94,81.18,0
64.53,41.18,241.71,99.97,0
89.2,93.14,16.99,808.14,1
71.23,84.91,393.88,361.63,1
29.51,53.57,261.31,29.97,0
54.34,47.91,278.5,17.4,0
62.12,42.54,190.78,31.0,0
98.58,89.84,18.91,645.22,1
22.79,28.75,181.61,15.06,0
74.43,63.26,493.39,379.7,1
27.8,20.88,196.65,92.96,0
56.56,54.43,290.14,46.76,0
78.7,62.53,410.35,184.11,1
62.18,51.67,290.17,70.18,0
63.28,47.74,282.21,81.89,0
42.39,27.01,126.71,73.52,0
50.09,57.95,287.17,48.29,0
99.58,80.65,32.11,860.52,1
90.65,91.31,47.15,470.32,1
23.09,59.3,91.97,90.25,0
48.99,45.56,271.66,52.96,0
23.72,22.71,114.16,24.18,0
31.23,49.3,292.28,90.19,0
30.83,41.84,75.36,55.76,0
84.32,77.18,382.53,168.43,1
26.22,32.75,287.92,21.31,0
30.65,49.28,186.76,91.34,0
42.67,44.55,170.68,17.63,0
73.63,82.24,381.42,175.31,1
20.45,47.89,230.51,77.05,0
25.48,29.5,62.41,63.6,0
18.45,34.43,156.9,40.04,0
43.01,27.99,56.43,29.52,0
14.51,53.75,127.09,48.78,0
46.36,23.65,186.03,30.71,0
78.13,71.14,402.66,266.26,1
24.77,22.47,238.06,71.73,0
28.91,41.66,292.68,65.13,0
56.24,52.74,154.66,60.52,0
80.45,82.04,445.25,169.74,1
85.71,72.55,530.09,350.11,1
44.12,24.81,239.3,29.69,0
99.67,96.17,10.68,611.69,1
93.22,99.95,33.23,817.05,1
60.09,56.57,66.75,47.99,0
27.94,31.05,164.54,89.24,0
44.27,40.9,154.9,50.23,0
42.34,50.34,284.91,93.62,0
15.55,31.44,183.91,44.23,0
31.07,39.42,202.24,18.18,0
17.91,44.35,223.42,18.3,0
77.29,65.94,499.15,380.21,1
70.45,80.43,410.61,220.09,1
48.29,23.93,267.23,26.42,0
93.32,96.52,17.12,608.39,1
20.34,28.46,255.99,77.98,0
57.7,52.84,178.82,28.51,0
37.87,25.43,262.82,89.74,0
20.6,53.32,259.24,36.21,0
60.49,48.19,118.49,85.0,0
44.95,24.95,57.64,46.66,0
19.77,54.82,196.72,44.73,0
59.2,49.96,222.21,39.23,0
18.96,42.89,291.23,87.85,0
47.27,30.76,152.38,16.7,0
52.22,20.36,277.88,70.03,0
10.47,30.1,251.27,40.96,0
95.71,88.48,21.94,574.35,1
35.67,47.09,256.08,48.76,0
38.13,46.49,260.82,46.81,0
43.5,31.94,77.03,20.43,0
95.69,97.23,16.75,755.55,1
76.57,63.75,503.09,374.92,1
54.13,44.0,215.13,72.86,0
46.05,59.9,114.86,50.58,0
11.94,48.32,193.01,31.14,0
22.23,41.39,246.22,92.05,0
37.9,53.82,260.16,89.5,0
15.37,25.12,114.66,83.71,0
20.07,47.19,133.91,22.59,0
50.93,32.28,247.02,43.16,0
26.17,54.05,167.63,88.64,0
61.94,22.85,272.36,57.54,0
78.4,67.46,360.81,363.56,1
21.02,36.37,192.35,92.06,0
27.4,48.63,244.74,56.44,0
19.73,45.38,51.18,38.25,0
19.27,50.58,172.39,79.9,0
43.8,45.34,150.85,97.05,0
12.07,27.98,143.28,16.2,0
55.83,27.62,219.19,68.27,0
48.14,33.77,82.23,47.6,0
19.19,52.95,124.55,39.72,0
42.8,33.51,271.99,99.62,0
59.58,34.37,97.11,95.59,0
78.87,65.71,495.43,182.8,1
42.43,26.76,141.65,70.3,0
58.21,30.23,183.68,19.13,0
95.94,93.07,5.89,744.87,1
30.91,41.89,168.6,28.02,0
44.67,32.04,215.42,71.31,0
43.31,25.49,257.66,23.92,0
16.48,24.56,76.57,31.88,0
24.46,40.93,100.42,74.79,0
12.17,39.85,101.92,94.32,0
10.15,46.87,276.72,85.99,0
18.2,23.6,177.93,76.5,0
24.07,29.25,297.17,40.16,0
15.49,26.99,59.86,39.7,0
27.2,49.54,73.75,79.45,0
56.86,46.53,92.63,45.39,0
44.2,55.14,73.24,84.27,0
32.04,58.49,117.96,47.79,0
87.6,76.22,509.38,178.26,1
13.23,57.7,89.85,50.36,0
54.12,47.14,95.32,47.28,0
11.58,47.38,259.63,97.74,0
60.62,24.52,152.82,18.91,0
27.28,48.18,219.48,80.24,0
41.08,59.12,217.46,43.76,0
48.53,23.81,215.43,36.13,0
47.2,35.4,259.76,62.46,0
88.65,92.87,12.06,824.42,1
89.13,61.87,448.33,210.22,1
88.6,84.45,33.95,601.64,1
35.25,52.05,162.02,87.81,0
16.53,39.89,213.34,23.72,0
40.64,20.01,72.72,66.36,0
26.75,40.33,101.71,72.08,0
92.36,81.09,15.03,627.23,1
44.09,38.93,214.29,75.85,0
51.76,28.87,135.34,85.54,0
91.5,90.44,36.59,422.89,1
17.72,48.67,230.39,24.09,0
20.31,57.21,148.22,53.85,0
49.42,24.31,153.62,93.76,0
42.38,50.89,162.63,70.97,0
89.62,89.98,28.87,424.29,1
88.45,72.07,451.67,380.29,1
41.82,49.22,82.1,47.93,0
58.55,40.16,146.17,98.26,0
86.77,66.84,542.72,392.62,1
17.34,36.51,225.0,78.62,0
48.58,54.43,227.97,94.52,0
21.05,44.97,122.64,44.35,0
63.97,46.0,289.58,57.83,0
27.73,24.62,138.06,55.83,0
46.69,36.7,236.97,86.52,0
56.6,52.33,180.68,17.15,0
46.86,28.0,237.55,28.68,0
23.78,53.58,222.65,40.09,0
11.78,52.56,75.62,88.78,0
57.57,49.7,190.32,35.2,0
53.94,31.51,216.12,93.75,0
62.62,59.03,128.16,61.93,0
23.82,44.82,245.23,88.96,0
60.13,48.19,211.91,79.18,0
43.19,51.05,291.07,40.01,0
47.55,27.48,93.45,58.68,0
33.57,42.26,82.52,64.64,0
28.18,48.39,88.7,28.06,0
12.8,57.3,203.9,71.26,0
41.5,34.32,246.01,42.02,0
20.11,22.73,176.29,50.35,0
15.06,28.85,103.34,43.21,0
22.01,50.11,182.62,99.71,0
63.96,20.35,217.23,52.88,0
83.5,75.53,541.78,320.64,1
60.38,57.8,146.47,60.92,0
60.12,52.88,143.74,83.24,0
12.41,55.93,98.13,58.68,0
73.68,83.91,457.59,151.83,1
46.87,50.94,266.24,51.06,0
39.58,48.11,294.06,80.89,0
61.69,49.88,88.44,54.03,0
14.81,22.17,248.55,62.44,0
22.52,30.35,147.01,68.57,0
10.93,46.93,183.71,69.52,0
51.58,43.42,225.22,21.17,0
72.33,79.67,410.27,171.63,1
34.07,35.8,215.18,55.29,0
17.5,35.64,249.37,61.39,0
89.73,93.55,46.14,797.51,1
30.52,57.98,188.38,62.18,0
10.28,43.87,184.29,95.49,0
51.16,56.14,135.96,50.08,0
38.19,26.44,105.2,85.95,0
19.97,51.99,263.06,87.37,0
91.87,71.53,459.93,222.66,1
15.4,49.02,171.8,43.12,0
46.05,24.0,204.88,91.51,0
34.79,44.65,126.42,64.65,0
30.05,32.65,157.08,15.41,0
22.18,49.59,159.03,86.41,0
50.31,55.12,165.71,45.49,0
40.34,27.03,201.66,86.55,0
73.08,73.47,402.65,371.58,1
14.15,20.75,176.79,17.65,0
32.28,43.6,276.58,61.89,0
64.93,38.88,243.8,46.09,0
52.47,49.33,122.75,54.5,0
31.82,40.09,215.67,87.08,0
43.77,26.63,178.53,52.93,0
62.18,46.38,291.93,77.55,0
29.73,28.75,171.91,20.34,0
12.35,28.27,276.93,45.71,0
35.01,21.86,295.15,42.55,0
38.68,53.19,258.72,37.38,0
19.56,46.15,141.32,70.53,0
38.42,35.05,276.81,58.89,0
57.72,39.47,170.53,66.36,0
17.64,26.62,69.27,69.7,0
20.28,34.49,229.33,25.06,0
54.61,48.81,170.38,55.7,0
18.87,53.33,55.61,18.67,0
18.86,45.18,59.8,63.64,0
24.2,27.2,289.56,65.95,0
11.02,48.78,215.44,39.09,0
34.71,59.71,266.83,29.5,0
43.05,51.78,255.11,30.46,0
24.55,48.97,135.67,53.54,0
22.64,35.42,77.14,32.2,0
81.1,70.49,379.91,174.07,1
43.81,21.56,245.97,57.78,0
36.52,25.21,200.87,85.34,0
87.05,76.23,454.41,242.59,1
39.14,29.18,250.58,82.11,0
42.4,49.66,240.38,74.22,0
17.36,39.09,108.13,88.02,0
58.22,36.35,97.26,75.28,0
41.79,24.71,51.8,70.64,0
27.37,34.49,88.69,70.38,0
57.02,36.94,141.41,38.42,0
51.52,36.53,245.95,56.01,0
40.52,30.15,126.66,44.27,0
50.47,54.2,214.82,78.56,0
48.46,26.47,103.61,49.05,0
40.28,47.88,226.7,28.66,0
88.06,81.82,11.54,862.93,1
13.52,28.87,70.01,18.21,0
64.14,44.56,180.25,75.49,0
62.01,52.81,210.07,52.31,0
46.13,52.16,121.5,17.86,0
38.37,29.27,92.37,18.07,0
10.02,26.3,299.2,81.27,0
31.73,43.44,179.44,77.64,0
14.96,31.38,257.44,92.78,0
62.98,31.06,201.59,31.53,0
82.65,66.53,431.43,176.62,1
26.18,57.88,250.74,96.32,0
87.89,74.37,488.84,391.51,1
52.35,50.3,290.31,54.0,0
42.28,21.09,79.07,20.74,0
64.68,47.08,107.48,41.84,0
94.2,80.19,42.45,524.13,1
47.05,52.84,69.01,94.17,0
29.44,55.77,117.27,95.51,0
60.05,39.96,99.92,77.51,0
74.55,65.07,399.94,304.65,1
15.87,56.81,218.95,71.39,0
52.03,41.66,60.57,55.99,0
37.08,59.41,274.25,88.85,0
64.14,56.64,120.07,33.88,0
12.98,51.97,169.58,60.97,0
31.65,47.45,93.7,98.0,0
35.3,47.57,52.95,32.91,0
27.9,44.51,114.93,61.63,0
35.92,44.52,141.48,57.4,0
48.54,34.89,263.58,38.77,0
17.21,43.04,107.14,23.49,0
22.97,37.29,145.22,27.4,0
89.79,96.11,12.95,649.8,1
98.19,90.34,37.43,792.67,1
40.92,42.71,149.6,73.7,0
54.76,39.06,207.47,53.24,0
29.85,42.41,282.96,36.91,0
16.67,54.69,290.78,31.91,0
45.7,26.98,245.08,45.18,0
36.81,49.46,272.41,47.39,0
44.74,25.79,91.89,83.66,0
44.72,42.87,262.23,21.06,0
22.55,32.68,122.84,37.74,0
24.92,37.8,265.7,45.87,0
63.1,36.56,95.97,16.96,0
46.41,57.62,225.17,21.81,0
15.67,22.55,269.67,61.62,0
31.84,50.6,70.81,37.31,0
46.02,55.42,127.34,36.03,0
44.46,25.25,259.63,17.43,0
57.32,33.01,169.04,97.87,0
24.98,37.79,292.39,74.3,0
42.87,45.24,208.96,62.94,0
45.17,32.39,136.79,60.87,0
34.3,34.63,114.95,40.8,0
54.85,53.92,135.97,54.88,0
60.71,57.88,169.27,15.78,0
26.11,29.25,51.8,46.76,0
40.83,35.79,90.82,77.66,0
30.81,30.52,155.56,35.36,0
60.05,52.3,221.16,39.2,0
54.48,36.52,263.37,30.5,0
45.03,44.71,118.03,67.93,0
11.07,21.99,183.74,30.8,0
24.81,48.61,231.78,34.79,0
37.15,33.68,127.89,82.95,0
93.56,95.83,19.86,821.77,1
88.67,95.51,8.21,635.07,1
56.28,52.69,257.06,25.37,0
23.69,50.85,160.74,77.7,0
35.35,50.84,180.28,98.48,0
47.48,32.48,130.77,68.48,0
61.56,40.84,113.33,69.27,0
58.81,54.55,104.45,24.6,0
27.85,26.69,119.03,25.17,0
10.49,21.68,245.87,55.4,0
30.43,23.58,89.42,22.77,0
61.2,59.88,206.28,20.08,0
48.57,51.66,81.46,34.78,0
97.46,95.13,41.25,619.36,1
47.91,34.33,83.68,91.39,0
34.06,31.79,224.26,31.13,0
29.12,49.3,118.83,85.66,0
82.2,61.72,381.01,223.92,1
30.19,20.03,209.51,47.22,0
11.03,54.27,244.0,35.3,0
46.21,41.56,146.87,59.55,0
40.33,44.52,130.65,69.48,0
38.78,22.67,258.8,26.03,0
74.45,72.13,369.75,292.75,1
46.19,41.03,225.33,36.75,0
43.33,22.83,282.55,32.74,0
58.94,23.2,250.25,20.16,0
61.6,36.64,142.27,75.22,0
24.62,21.63,67.6,40.83,0
91.13,62.43,495.03,282.92,1
38.94,29.95,206.33,30.21,0
32.84,24.22,209.66,45.43,0
46.59,55.31,91.7,30.33,0
28.56,26.33,299.61,52.66,0
27.33,59.66,131.16,46.6,0
33.68,49.03,202.1,62.87,0
52.11,57.05,113.52,96.74,0
31.84,49.05,295.74,65.64,0
64.64,32.07,125.08,33.86,0
70.48,80.55,487.94,218.99,1
40.6,57.04,88.68,18.21,0
17.61,34.68,195.54,34.8,0
15.05,35.99,279.47,77.41,0
53.61,26.92,256.43,73.62,0
59.92,43.81,125.1,77.12,0
14.32,22.24,242.73,44.57,0
32.91,54.71,267.45,34.27,0
43.13,20.46,244.35,47.51,0
12.27,41.6,87.4,57.7,0
12.78,49.26,148.22,52.88,0
37.76,28.88,122.45,48.52,0
14.54,42.86,62.33,48.93,0
37.6,50.95,82.59,26.46,0
36.83,46.09,99.02,67.36,0
23.54,22.87,244.19,42.49,0
71.97,76.79,434.71,237.08,1
42.66,20.97,126.2,98.95,0
64.46,37.69,86.45,18.81,0
20.98,34.95,239.43,87.48,0
13.0,57.96,281.68,88.84,0
10.76,47.75,77.82,53.26,0
21.5,41.52,100.95,59.48,0
36.57,49.2,85.34,74.39,0
42.07,46.54,60.87,29.48,0
53.41,44.72,63.27,70.65,0
31.38,30.85,263.02,71.11,0
70.42,81.69,479.88,207.79,1
63.71,23.98,128.86,88.68,0
20.25,40.03,164.5,93.74,0
23.61,41.18,133.39,48.44,0
29.07,34.08,206.31,35.08,0
94.02,96.24,33.16,839.34,1
87.93,60.74,460.99,220.05,1
59.34,46.28,71.95,47.49,0
95.35,92.51,15.23,520.18,1
63.38,56.39,132.32,61.09,0
17.62,41.65,250.03,88.32,0
48.78,40.95,83.81,99.63,0
89.74,98.66,46.27,558.75,1
62.17,24.74,129.4,89.77,0
52.1,55.21,153.51,49.96,0
61.36,55.77,283.31,38.27,0
15.87,27.39,240.61,67.02,0
41.19,29.24,108.05,73.43,0
47.85,39.06,175.58,66.4,0
30.57,54.09,172.86,26.69,0
11.77,50.58,53.75,37.94,0
50.83,59.53,239.44,20.62,0
91.68,81.68,447.99,231.22,1
23.57,36.19,60.46,77.5,0
27.21,44.46,235.62,65.47,0
58.17,51.48,180.16,53.39,0
12.33,59.83,179.68,48.63,0
40.67,40.65,207.66,19.19,0
31.89,32.18,256.91,54.21,0
43.72,22.18,179.24,27.09,0
34.84,48.91,78.29,81.19,0
85.31,63.38,432.71,262.72,1
42.47,48.51,100.48,53.65,0
48.04,56.29,249.12,76.06,0
16.28,37.98,140.74,59.52,0
53.51,40.47,287.44,47.19,0
52.25,56.49,191.37,71.06,0
57.79,27.15,228.01,50.66,0
52.27,37.85,206.61,24.99,0
21.16,44.9,113.28,53.98,0
81.96,60.14,526.54,209.47,1
36.16,36.41,69.85,66.01,0
40.1,44.79,189.39,85.15,0
18.15,46.13,59.18,87.58,0
56.09,31.94,280.1,19.17,0
19.8,46.88,202.77,73.78,0
53.3,27.1,163.83,64.21,0
72.05,67.48,423.71,244.73,1
33.5,42.02,123.21,26.44,0
25.09,41.08,181.16,74.15,0
16.01,49.19,207.24,98.91,0
47.88,57.36,296.57,39.41,0
27.41,41.02,298.76,45.08,0
40.94,40.79,207.96,56.86,0
43.52,48.34,294.81,15.13,0
44.4,24.72,262.02,82.96,0
92.97,86.68,30.22,718.75,1
21.07,31.27,247.55,41.16,0
27.82,20.25,221.46,44.02,0
43.88,21.16,93.91,43.09,0
46.99,56.65,249.31,69.88,0
44.5,55.68,184.24,43.48,0
32.77,49.7,258.78,40.44,0
27.35,41.44,102.07,73.27,0
58.84,34.14,292.4,38.84,0
64.1,45.06,260.6,63.53,0
42.74,54.58,237.89,74.95,0
11.74,36.55,174.26,35.2,0
62.29,28.65,125.58,24.54,0
52.78,56.53,160.94,17.12,0
37.5,27.61,280.91,77.26,0
52.65,25.73,267.95,84.88,0
84.89,63.32,494.91,264.84,1
38.73,20.16,283.08,73.4,0
14.79,38.68,61.53,59.25,0
27.19,43.1,128.04,90.83,0
20.59,31.07,129.79,52.49,0
18.21,30.95,53.81,67.95,0
21.36,34.01,129.62,27.03,0
25.58,29.79,67.81,67.13,0
34.4,25.2,167.68,72.42,0
12.96,37.06,94.75,65.67,0
55.99,47.97,204.08,41.56,0
49.21,46.83,183.37,97.76,0
35.61,25.27,253.21,93.17,0
35.06,47.38,227.55,54.56,0
22.31,54.44,204.24,92.59,0
48.48,46.61,247.19,90.0,0
11.66,39.01,137.86,54.21,0
52.24,44.18,81.85,23.75,0
53.82,33.03,212.36,82.36,0
32.04,36.54,205.22,61.58,0
92.61,86.81,41.63,695.49,1
33.94,51.49,186.13,35.07,0
14.28,57.23,193.55,56.36,0
35.46,42.2,255.51,29.97,0
88.84,82.17,41.63,785.67,1
37.19,46.41,72.63,84.45,0
89.87,75.9,350.04,186.68,1
39.22,35.6,194.48,31.63,0
27.41,42.81,278.3,40.89,0
79.56,84.56,418.85,172.32,1
64.25,36.17,81.89,40.01,0
40.19,22.13,225.84,84.76,0
57.37,54.63,108.81,74.69,0
27.5,35.31,145.39,61.34,0
36.12,27.53,146.15,93.58,0
18.48,59.9,217.52,26.41,0
10.86,48.85,171.68,52.12,0
89.02,92.84,23.71,628.01,1
43.24,37.03,94.95,58.3,0
34.75,34.21,96.45,66.39,0
56.57,29.47,175.43,49.92,0
30.18,59.13,192.04,74.92,0
36.48,47.62,85.52,77.16,0
99.8,95.58,25.92,439.12,1
71.95,71.81,498.34,390.1,1
44.85,51.92,128.12,19.49,0
52.82,38.75,178.17,54.88,0
33.16,58.42,249.56,39.58,0
60.76,49.98,231.74,62.92,0
36.02,26.76,62.9,99.18,0
44.34,31.47,70.63,57.98,0
76.11,63.31,406.19,364.46,1
16.14,26.98,197.94,27.85,0
54.43,30.45,225.19,56.22,0
57.41,33.71,71.1,27.33,0
73.39,72.4,548.72,342.59,1
34.21,45.5,102.71,77.42,0
45.32,50.22,79.0,29.25,0
26.58,49.85,238.11,60.26,0
48.81,38.98,86.29,88.97,0
61.0,37.95,219.62,96.75,0
12.26,56.71,209.36,96.28,0
60.49,54.33,133.74,37.7,0
45.99,35.65,243.29,78.67,0
42.38,27.8,134.35,73.67,0
40.12,46.91,257.92,16.02,0
15.71,37.84,104.85,39.08,0
11.3,23.68,284.63,70.81,0
62.28,45.52,227.02,25.2,0
72.86,76.41,529.98,291.52,1
98.75,93.91,16.4,633.48,1
84.05,83.07,405.28,256.75,1
86.94,68.09,382.39,168.5,1
31.05,33.31,65.01,96.23,0
34.23,39.67,282.15,66.88,0
37.06,25.75,242.18,33.56,0
60.19,48.62,75.82,21.2,0
23.78,37.84,274.13,27.65,0
61.31,46.58,116.61,74.5,0
82.64,72.88,537.98,272.67,1
56.42,51.24,246.35,60.91,0
62.48,52.72,170.52,63.22,0
77.9,77.05,430.12,308.07,1
89.09,90.69,48.24,440.23,1
52.16,45.91,94.15,18.34,0
20.51,47.84,274.12,68.6,0
14.67,45.31,233.83,26.9,0
49.59,43.72,172.31,20.35,0
26.93,41.36,258.56,53.19,0
88.44,81.12,40.45,421.41,1
54.39,46.69,164.59,72.64,0
73.28,74.48,534.96,159.22,1
45.96,38.85,279.5,18.89,0
17.18,26.89,62.49,41.12,0
35.09,26.83,197.76,84.51,0
37.34,51.97,105.14,83.38,0
54.63,59.29,219.6,42.56,0
94.91,82.75,42.64,796.55,1
42.62,33.42,80.19,27.01,0
48.3,42.14,159.67,93.68,0
15.5,53.89,203.11,81.1,0
36.78,20.25,94.85,22.58,0
58.78,36.65,251.85,80.67,0
21.34,45.59,180.77,50.02,0
83.43,60.94,386.0,274.97,1
95.53,95.65,20.65,402.29,1
16.46,41.21,73.92,45.76,0
39.68,28.77,242.58,71.04,0
20.65,51.86,221.31,97.33,0
19.7,46.81,60.78,69.81,0
33.91,33.37,251.29,79.46,0
50.72,56.99,93.97,81.77,0
16.38,55.8,230.35,65.38,0
20.93,47.07,131.42,81.21,0
15.39,49.51,267.47,46.92,0
35.9,39.38,272.62,27.32,0
80.01,69.68,377.28,329.96,1
63.66,28.09,81.8,73.84,0
17.51,54.07,164.64,29.55,0
58.75,44.15,247.39,69.23,0
19.35,58.81,263.75,22.35,0
80.76,84.89,468.32,359.25,1
50.15,49.45,111.66,42.82,0
59.05,43.67,87.24,63.76,0
63.91,21.6,167.66,80.33,0
39.21,39.17,249.5,84.81,0
23.23,42.34,53.11,77.2,0
72.92,67.39,479.53,172.68,1
26.77,48.13,264.48,78.52,0
35.02,50.87,268.55,49.46,0
30.37,38.57,208.35,88.13,0
59.14,33.32,58.18,51.2,0
62.04,41.7,248.62,81.95,0
58.45,49.43,63.7,95.35,0
58.84,24.44,141.4,67.63,0
19.64,42.35,66.75,75.29,0
63.97,29.55,78.39,55.67,0
82.76,83.98,391.96,336.25,1
29.4,30.69,220.06,38.56,0
28.99,39.45,181.67,25.43,0
47.31,41.31,123.07,67.78,0
62.0,52.35,285.22,20.58,0
80.07,62.0,529.59,222.09,1
89.31,85.52,36.37,648.16,1
81.46,75.68,408.63,392.39,1
17.26,33.87,160.97,69.8,0
13.46,54.87,108.08,95.53,0
32.64,33.71,211.51,42.74,0
48.33,53.68,161.31,40.85,0
53.41,26.87,115.0,56.16,0
97.24,80.95,20.89,627.96,1
60.83,48.47,121.31,97.72,0
48.11,46.65,88.37,35.22,0
27.41,25.06,115.1,30.68,0
11.91,32.68,135.96,46.7,0
18.94,32.06,280.11,49.39,0
18.0,38.32,130.05,15.37,0
63.66,33.25,226.36,55.28,0
61.92,59.23,193.43,27.5,0
59.88,37.68,222.29,77.19,0
73.07,73.77,411.62,250.41,1
34.53,23.7,63.76,69.51,0
22.22,57.43,119.48,16.92,0
34.5,46.86,71.84,58.5,0
27.48,44.2,285.85,92.22,0
18.14,54.15,142.41,46.69,0
29.32,59.1,268.58,22.45,0
34.43,59.7,250.92,39.53,0
63.37,36.95,274.11,26.86,0
14.73,28.31,168.65,88.74,0
88.79,99.2,39.03,444.22,1
60.29,36.58,188.95,75.37,0
17.53,27.44,145.44,62.08,0
55.44,53.38,125.98,62.54,0
11.48,20.1,115.67,96.26,0
35.99,46.15,273.17,50.46,0
47.83,29.79,79.84,38.56,0
88.8,94.91,31.15,682.79,1
83.82,71.9,488.85,179.9,1
41.64,53.81,90.71,19.97,0
58.31,25.42,90.83,38.18,0
60.17,34.24,122.46,60.02,0
81.31,79.16,386.65,173.63,1
39.9,54.9,256.71,73.22,0
47.7,47.53,73.96,64.3,0
10.71,40.73,143.25,56.22,0
60.09,24.1,88.64,33.79,0
59.34,44.54,257.85,59.68,0
40.31,50.25,78.49,54.14,0
55.04,56.94,169.88,41.48,0
54.94,55.59,199.41,79.91,0
49.04,21.15,253.64,33.9,0
73.13,65.66,375.07,182.55,1
47.99,51.36,69.43,80.85,0
12.34,24.31,248.26,58.65,0
16.54,30.12,66.56,71.74,0
53.03,56.8,101.35,91.6,0
29.33,23.63,261.47,95.06,0
77.65,64.01,450.13,332.14,1
41.36,23.96,194.53,16.19,0
20.54,31.27,275.42,60.66,0
89.18,84.28,27.69,753.88,1
42.42,37.59,289.44,30.37,0
30.88,28.57,106.89,24.59,0
89.48,82.21,11.12,781.14,1
40.64,21.62,132.03,24.84,0
43.02,32.48,294.04,52.74,0
25.98,54.21,97.2,20.92,0
36.16,47.17,94.82,99.89,0
15.78,37.52,214.64,22.23,0
32.03,43.62,75.43,93.65,0
88.78,99.5,20.24,697.48,1
89.47,96.76,37.63,539.26,1
42.01,30.92,247.37,69.73,0
36.17,44.13,151.11,56.19,0
52.24,24.32,112.67,57.27,0
17.4,23.98,63.21,20.8,0
63.46,35.31,219.8,27.98,0
15.3,23.06,237.9,80.24,0
21.11,46.48,172.56,37.24,0
57.28,41.86,288.15,17.69,0
60.32,35.35,128.64,46.99,0
11.81,42.27,265.09,40.76,0
37.03,25.38,228.93,56.43,0
47.13,46.4,221.34,63.64,0
56.99,40.27,147.85,57.05,0
95.4,87.06,49.0,560.24,1
12.48,53.48,137.22,78.07,0
59.02,33.65,74.34,44.34,0
29.32,46.45,111.9,70.09,0
60.07,22.62,126.23,43.7,0
27.94,38.44,265.84,63.28,0
75.87,77.4,467.6,396.44,1
31.47,42.9,252.08,23.5,0
28.48,40.11,241.23,43.86,0
29.98,37.44,174.24,87.02,0
56.22,41.43,121.84,19.04,0
92.82,84.52,38.43,445.98,1
15.21,33.47,66.82,83.1,0
21.54,51.83,212.88,40.66,0
33.81,41.6,100.02,49.2,0
34.93,50.54,95.15,16.58,0
57.45,43.07,103.24,96.78,0
35.7,57.49,183.18,67.23,0
33.85,42.64,206.69,59.39,0
18.13,26.02,221.33,40.52,0
27.53,53.21,66.11,32.3,0
55.3,45.84,114.11,66.1,0
16.25,27.68,111.4,85.31,0
40.79,37.45,211.73,18.15,0
17.5,30.34,250.88,70.99,0
56.89,58.55,171.46,16.69,0
71.85,75.04,523.43,375.14,1
29.99,46.3,72.58,95.17,0
17.73,24.48,233.62,94.3,0
55.59,57.99,282.89,36.4,0
75.24,63.06,511.34,232.32,1
31.45,49.93,108.98,50.94,0
19.63,58.8,159.87,36.62,0
36.97,34.99,287.18,41.9,0
47.55,58.53,269.86,94.64,0
49.36,52.85,55.27,97.18,0
56.28,46.49,285.21,73.71,0
23.18,42.11,127.32,96.47,0
54.67,24.88,266.74,87.9,0
60.04,35.72,294.5,36.72,0
55.25,29.42,102.6,90.67,0
83.89,81.99,503.35,251.57,1
57.65,52.93,285.12,55.04,0
56.26,48.7,269.19,84.72,0
48.42,40.25,137.96,66.18,0
50.58,38.13,56.84,19.43,0
44.66,51.64,84.02,49.06,0
27.25,23.29,89.46,58.89,0
97.97,95.26,43.11,742.88,1
27.57,39.13,233.79,37.16,0
55.47,51.98,99.67,50.23,0
58.2,57.79,271.09,34.08,0
90.31,76.18,475.33,376.71,1
90.38,94.03,12.59,600.52,1
24.31,23.56,141.98,95.52,0
49.52,37.41,280.0,53.57,0
16.52,48.54,97.64,88.26,0
25.84,39.77,82.55,87.79,0
64.74,31.32,219.3,50.56,0
18.03,31.61,115.45,67.5,0
78.13,77.11,441.63,152.58,1
27.78,47.72,221.71,75.63,0
50.49,30.25,73.82,19.99,0
22.92,56.33,299.18,94.84,0
95.18,94.96,7.05,526.83,1
26.64,35.79,142.73,97.28,0
41.93,30.41,175.94,94.08,0
72.9,67.93,456.08,185.45,1
12.43,25.11,267.92,85.96,0
60.94,31.32,269.23,67.1,0
24.51,32.52,273.17,41.82,0
97.16,83.03,43.39,728.71,1
12.93,25.94,107.47,18.05,0
48.83,37.46,298.8,93.81,0
29.61,48.36,171.3,56.9,0
57.68,24.95,73.39,88.79,0
19.26,40.35,118.2,90.73,0
42.1,58.87,181.5,63.52,0
14.23,50.73,219.23,90.43,0
47.47,47.23,148.54,65.18,0
98.04,83.08,8.65,815.35,1
34.97,58.21,198.55,15.49,0
95.87,99.02,19.62,765.77,1
62.66,42.77,102.84,19.14,0
27.77,22.22,67.68,95.91,0
31.94,27.12,291.26,88.57,0
56.88,26.52,244.87,39.22,0
45.97,24.82,172.71,51.75,0
27.06,47.4,82.82,71.57,0
38.2,39.58,271.35,55.5,0
33.27,50.26,252.75,67.18,0
33.43,21.62,135.44,54.4,0
47.74,26.2,173.83,68.51,0
25.99,37.49,276.8,55.6,0
17.03,56.12,260.38,59.46,0
12.63,23.06,61.27,24.15,0
15.2,46.43,192.12,36.54,0
14.5,40.14,78.48,71.23,0
20.02,35.72,70.82,89.52,0
42.3,38.2,217.56,68.02,0
63.17,54.85,96.8,30.73,0
43.22,54.86,76.58,60.42,0
16.42,26.87,169.28,73.8,0
91.25,75.05,447.34,304.62,1
92.33,93.48,36.06,597.5,1
16.88,20.56,77.98,16.35,0
98.31,84.18,34.19,724.87,1
44.43,51.6,97.73,40.58,0
36.07,20.87,91.53,27.96,0
63.01,38.86,264.95,64.74,0
41.32,53.35,62.73,15.67,0
49.22,59.18,262.15,77.65,0
40.49,31.63,171.87,56.32,0
43.63,47.15,254.17,56.47,0
39.06,36.88,128.96,20.4,0
79.18,71.83,448.96,384.74,1
48.36,20.83,122.0,31.34,0
22.77,28.79,277.27,43.83,0
56.34,46.28,82.79,39.94,0
62.79,53.32,218.28,77.44,0
53.99,53.78,205.46,39.01,0
46.69,25.16,99.87,66.49,0
32.88,59.75,125.91,32.8,0
11.0,55.24,139.26,28.48,0
59.2,21.28,65.92,51.6,0
16.64,28.96,114.46,43.93,0
12.57,55.11,116.87,27.85,0
38.35,46.78,226.6,93.76,0
35.14,53.66,77.73,24.0,0
53.02,57.9,255.9,18.57,0
44.65,54.83,277.75,28.35,0
34.28,40.24,233.14,23.44,0
28.4,25.51,262.15,52.32,0
52.3,29.81,252.29,44.01,0
14.69,34.9,238.71,45.65,0
18.34,50.14,155.43,34.4,0
32.74,36.37,164.69,87.45,0
29.9,21.19,86.4,15.85,0
61.9,23.39,128.7,98.47,0
13.38,50.37,215.04,69.52,0
71.27,75.79,492.67,315.09,1
26.26,36.08,220.22,62.06,0
50.85,56.37,51.98,38.78,0
60.62,48.01,161.55,32.44,0
53.36,46.08,224.37,90.45,0
32.25,27.89,125.38,18.14,0
49.88,49.6,81.5,99.31,0
15.11,42.07,180.33,79.35,0
11.53,51.86,198.13,35.51,0
49.96,59.48,77.61,20.1,0
44.48,34.18,61.93,70.33,0
26.39,49.47,163.29,98.55,0
64.4,42.62,273.58,68.36,0
42.76,34.01,121.13,81.71,0
46.98,48.57,179.92,36.05,0
42.03,52.91,140.32,23.33,0
55.56,23.28,65.55,90.52,0
34.54,34.77,181.56,65.0,0
31.71,30.55,174.71,50.99,0
61.21,39.58,293.32,85.02,0
16.99,48.45,82.35,74.88,0
72.6,65.32,444.67,336.62,1
78.13,83.8,470.32,252.15,1
41.45,21.61,88.33,46.57,0
91.64,89.72,40.6,471.07,1
12.68,55.77,272.26,33.32,0
36.88,24.89,137.16,88.99,0
41.52,42.63,275.07,81.41,0
49.6,44.23,240.49,57.9,0
34.75,37.96,266.59,42.64,0
46.55,36.39,108.21,48.61,0
62.69,55.6,233.98,69.9,0
85.56,74.3,509.23,326.85,1
16.81,42.37,98.11,67.59,0
12.91,42.81,97.35,55.45,0
72.65,83.4,385.95,154.74,1
23.49,48.22,271.91,52.76,0
43.38,36.07,61.25,88.27,0
34.04,36.6,264.91,41.98,0
16.31,23.97,92.04,27.24,0
14.93,32.27,151.82,29.38,0
27.89,21.09,64.63,48.14,0
32.71,32.97,143.88,85.36,0
21.14,50.09,196.51,56.9,0
31.18,24.6,65.16,54.51,0
36.63,36.3,108.44,90.32,0
62.99,47.0,111.58,62.15,0
26.75,36.27,70.98,69.04,0
63.24,34.93,296.33,81.47,0
33.31,56.46,162.94,15.09,0
55.62,31.57,293.02,15.05,0
80.61,74.95,517.9,245.04,1
44.77,43.41,177.58,18.87,0
40.97,32.03,148.83,25.45,0
40.61,31.18,157.99,66.89,0
91.82,93.64,20.42,530.68,1
34.9,29.84,295.76,44.04,0
42.97,20.63,222.96,69.95,0
36.21,56.06,218.18,50.12,0
85.47,79.06,457.63,346.83,1
14.26,21.24,258.02,72.09,0
29.41,52.51,256.87,45.43,0
52.24,47.88,52.11,54.33,0
79.78,65.54,353.96,220.28,1
77.87,62.25,472.69,225.79,1
22.88,39.75,140.75,38.86,0
85.55,65.23,389.22,355.28,1
57.85,42.76,173.5,61.9,0
41.11,47.3,191.29,20.56,0
13.58,30.38,192.48,34.38,0
53.02,27.67,219.49,99.32,0
39.31,30.12,190.03,53.58,0
84.1,83.58,360.37,384.69,1
64.73,30.96,220.04,54.66,0
51.75,55.35,106.14,38.62,0
34.69,20.21,98.65,21.95,0
11.4,49.5,294.52,51.02,0
23.75,26.58,127.7,68.21,0
36.4,52.32,198.13,68.24,0
23.77,24.31,109.59,43.97,0
28.35,51.76,285.89,80.94,0
52.03,45.01,194.73,22.27,0
11.83,32.53,261.92,20.53,0
60.55,37.68,125.37,68.23,0
47.27,42.37,123.73,47.42,0
51.36,29.32,199.89,71.08,0
31.12,51.81,269.98,67.63,0
61.57,51.32,163.52,42.9,0
15.65,43.81,66.89,82.1,0
41.53,45.49,114.07,50.79,0
34.45,29.73,249.26,20.14,0
33.97,58.39,238.59,41.45,0
87.06,63.69,411.73,235.73,1
10.44,43.46,219.58,19.87,0
55.93,54.35,155.52,31.61,0
59.97,51.41,135.39,71.77,0
64.01,43.99,132.79,64.16,0
95.39,88.37,12.3,627.15,1
12.32,28.78,50.92,33.96,0
44.32,29.56,233.65,95.97,0
50.7,28.21,96.06,99.14,0
14.06,21.2,78.8,39.7,0
42.21,50.62,60.98,17.52,0
19.58,55.42,229.71,43.88,0
19.82,20.86,260.72,92.41,0
47.26,35.16,246.85,24.43,0
76.71,66.0,511.9,315.23,1
91.5,84.94,526.33,369.6,1
17.94,56.97,248.72,31.29,0
30.58,43.98,294.25,35.79,0
43.88,27.56,183.87,82.11,0
12.93,51.82,268.21,87.38,0
98.63,84.18,8.66,635.33,1
13.57,40.34,237.83,69.83,0
37.42,38.57,130.46,46.78,0
49.36,39.79,117.08,49.08,0
82.85,60.92,393.91,200.75,1
78.71,67.65,527.74,292.84,1
78.23,73.76,376.87,171.01,1
29.34,43.36,166.31,67.8,0
35.72,36.36,251.13,41.95,0
19.88,29.35,211.34,45.52,0
56.34,40.51,210.91,81.8,0
72.17,61.78,357.66,200.08,1
28.11,32.11,253.89,73.1,0
48.81,59.92,299.6,78.95,0
60.18,20.34,124.87,84.9,0
32.21,36.23,194.99,70.7,0
38.2,50.45,87.32,48.79,0
51.2,38.98,178.96,81.81,0
49.74,38.46,247.98,41.61,0
52.36,47.92,102.4,53.25,0
30.61,43.1,82.09,95.19,0
54.57,53.37,134.96,50.63,0
32.19,51.15,184.4,42.72,0
53.19,56.89,88.42,95.97,0
44.64,44.12,201.96,88.69,0
90.45,87.81,29.05,494.17,1
41.32,38.06,273.69,22.93,0
40.41,21.28,222.26,56.53,0
13.82,58.52,120.95,34.81,0
13.85,22.3,179.63,29.61,0
79.04,63.93,372.15,284.11,1
13.78,58.2,266.42,26.04,0
33.77,48.39,168.7,66.32,0
82.92,72.56,486.97,218.86,1
17.85,22.56,149.81,83.64,0
60.07,55.17,165.05,63.97,0
25.84,55.24,164.08,74.53,0
26.36,44.52,252.5,29.89,0
59.5,49.33,164.46,92.42,0
41.27,35.74,286.42,35.37,0
76.02,75.7,408.38,379.07,1
49.73,28.69,173.37,99.35,0
64.74,23.06,76.31,80.16,0
34.8,30.11,176.52,54.28,0
48.2,49.99,145.29,78.41,0
78.73,60.27,372.94,379.28,1
51.18,39.39,67.06,61.62,0
62.25,25.61,255.11,86.53,0
10.99,24.02,123.54,60.45,0
14.27,50.54,219.35,28.05,0
21.92,21.38,218.76,33.37,0
56.01,52.46,210.25,75.89,0
78.59,67.71,360.48,151.17,1
52.19,57.15,143.66,35.28,0
33.19,59.57,134.28,31.33,0
22.13,55.29,249.23,85.59,0
19.19,36.63,76.92,42.81,0
20.43,28.28,185.43,94.81,0
21.76,34.26,93.41,49.18,0
31.41,38.35,66.5,84.28,0
30.29,22.69,104.64,40.63,0
64.07,24.07,184.05,99.2,0
73.77,83.98,469.97,395.35,1
47.28,58.89,223.43,43.22,0
58.62,32.72,262.89,55.98,0
43.47,43.4,145.59,69.45,0
42.31,59.54,108.15,67.39,0
76.79,78.45,501.45,304.94,1
30.6,31.86,87.92,32.37,0
60.79,43.92,286.47,77.84,0
25.3,45.74,240.12,59.27,0
95.78,85.77,6.07,823.47,1
23.32,41.57,276.66,71.53,0
47.8,48.78,202.02,47.43,0
34.33,20.24,267.47,20.95,0
44.89,25.66,101.06,22.8,0
55.72,57.27,109.08,21.64,0
27.13,48.87,111.23,30.0,0
25.69,37.93,208.9,38.11,0
14.4,58.9,149.56,29.26,0
37.79,49.4,240.08,84.67,0
11.09,35.26,263.51,79.5,0
83.09,63.82,495.33,214.32,1
34.95,35.01,201.51,21.11,0
35.81,26.19,97.41,16.09,0
49.89,39.66,281.42,94.92,0
92.48,89.79,33.85,694.15,1
12.14,56.86,146.21,63.08,0
34.0,30.21,278.27,76.39,0
36.87,47.54,224.11,70.33,0
86.18,66.06,356.9,353.28,1
47.2,47.9,211.33,37.21,0
47.46,30.17,200.54,95.9,0
10.68,50.84,211.1,92.94,0
42.24,56.04,179.63,31.05,0
55.64,30.11,125.55,97.25,0
31.05,32.32,152.9,89.49,0
14.89,45.45,244.17,44.27,0
51.18,57.2,149.49,41.19,0
97.8,80.03,8.14,748.16,1
46.0,49.32,92.66,46.85,0
20.89,27.28,287.12,53.31,0
20.21,22.36,95.68,79.53,0
59.63,36.35,206.71,68.08,0
73.65,67.33,425.55,219.19,1
42.21,39.12,218.2,23.57,0
51.35,20.29,195.61,98.95,0
38.73,20.29,200.75,98.89,0
61.27,38.93,134.26,51.5,0
58.96,59.98,254.21,94.98,0
30.81,22.29,139.01,43.07,0
35.13,47.93,231.31,90.48,0
43.11,54.76,119.87,74.44,0
30.26,44.73,214.72,55.39,0
20.34,59.45,289.39,84.07,0
29.81,21.83,251.89,42.67,0
43.37,36.01,203.15,21.92,0
61.23,57.23,296.72,87.85,0
86.15,67.35,389.02,185.79,1
41.45,54.27,176.16,25.87,0
26.57,46.92,187.19,89.36,0
34.55,24.63,215.66,35.48,0
51.43,46.39,72.36,51.97,0
18.81,57.16,275.66,80.14,0
24.17,39.05,274.38,25.46,0
39.4,49.02,72.61,73.8,0
90.5,79.16,470.14,311.0,1
49.46,49.44,145.41,69.58,0
57.09,52.34,105.89,24.83,0
14.9,49.62,284.3,78.29,0
30.23,54.13,288.52,64.04,0
13.4,41.42,261.78,98.29,0
30.08,47.17,249.14,59.18,0
22.22,35.81,184.57,54.15,0
61.86,53.49,174.96,53.74,0
18.02,46.61,250.32,74.75,0
26.99,59.61,80.87,99.73,0
36.31,53.15,173.76,74.85,0
63.96,33.33,256.97,32.9,0
54.57,48.02,63.14,88.56,0
36.81,35.67,296.1,71.04,0
64.51,41.92,134.35,72.62,0
97.09,87.82,28.75,541.52,1
20.73,54.25,148.44,26.13,0
41.92,52.2,262.45,75.31,0
19.0,25.5,223.99,39.74,0
22.0,49.94,233.83,15.78,0
41.66,47.13,297.12,27.55,0
93.13,96.83,46.67,448.02,1
90.16,81.05,49.11,725.05,1
63.33,45.08,151.0,17.89,0
36.87,47.52,288.64,70.49,0
48.05,51.81,214.63,81.11,0
84.31,66.88,480.64,241.83,1
14.55,39.57,217.2,58.33,0
41.51,42.91,118.43,78.36,0
19.96,39.37,211.15,51.86,0
15.47,22.54,277.22,82.59,0
54.71,20.79,189.02,60.6,0
36.87,40.76,196.18,75.67,0
16.82,50.12,291.42,91.3,0
42.95,27.2,188.68,83.04,0
17.08,28.25,90.3,62.81,0
70.77,84.5,451.23,240.89,1
33.27,57.81,50.02,40.55,0
81.43,79.57,481.83,261.23,1
48.23,40.91,296.5,44.93,0
21.54,23.96,254.94,35.15,0
26.48,53.31,289.36,66.18,0
29.75,25.14,205.58,21.32,0
31.0,56.15,150.01,22.08,0
33.39,47.78,183.98,21.0,0
64.74,47.87,98.16,46.63,0
55.13,44.2,154.92,28.05,0
93.2,80.52,32.16,438.76,1
16.05,41.93,66.49,69.42,0
28.34,30.93,267.21,34.19,0
30.74,58.75,144.66,23.93,0
73.87,78.21,411.31,355.34,1
39.09,48.02,266.35,61.88,0
59.31,26.83,286.63,48.11,0
50.77,58.72,182.92,65.54,0
36.23,25.1,52.37,58.65,0
16.95,35.15,233.86,19.49,0
63.6,48.3,112.28,66.74,0
20.07,59.45,249.62,57.69,0
33.53,57.67,270.35,84.19,0
57.19,57.9,151.63,41.58,0
14.37,49.2,286.22,29.03,0
50.89,42.17,173.21,89.32,0
93.09,90.17,37.89,639.83,1
64.89,55.52,224.47,49.47,0
60.1,49.84,228.54,74.72,0
23.43,49.56,287.72,84.99,0
81.62,75.23,471.47,391.16,1
58.51,40.94,106.27,21.39,0
38.25,58.1,155.68,47.22,0
16.23,56.56,112.44,60.83,0
16.48,31.97,123.39,33.11,0
41.29,28.7,126.2,94.31,0
55.42,21.42,165.76,67.51,0
29.57,44.62,132.14,45.08,0
58.96,27.45,138.63,23.61,0
14.66,40.57,88.43,25.53,0
18.56,46.27,106.52,48.61,0
33.56,27.29,252.89,24.24,0
56.16,26.47,138.43,51.89,0
57.88,27.94,97.39,18.42,0
50.92,56.04,90.08,31.91,0
46.59,30.63,155.27,61.76,0
49.29,33.0,241.1,89.95,0
60.8,53.72,147.21,24.33,0
11.16,26.22,175.0,80.23,0
47.31,33.69,294.11,77.68,0
25.92,39.44,240.22,36.06,0
38.12,29.98,241.68,88.45,0
90.97,96.41,13.93,753.23,1
48.56,40.09,95.3,99.37,0
44.9,29.18,83.07,18.26,0
99.15,88.53,32.74,445.47,1
32.4,32.26,208.33,34.67,0
36.36,40.39,210.97,40.86,0
25.43,34.04,154.52,42.19,0
12.25,22.09,236.19,33.02,0
59.97,24.03,96.21,95.61,0
26.74,23.88,53.42,61.9,0
77.29,78.53,422.28,344.7,1
30.44,46.01,102.51,47.64,0
72.87,78.56,374.07,296.64,1
84.4,64.76,490.93,381.38,1
40.06,33.72,231.34,99.12,0
49.64,21.75,97.93,61.79,0
58.24,54.14,276.7,97.89,0
79.87,77.93,532.17,166.93,1
61.22,40.15,55.47,65.93,0
17.09,21.82,191.54,82.52,0
50.74,35.9,221.17,88.97,0
89.99,95.01,22.29,789.69,1
24.93,27.36,90.0,33.51,0
58.35,51.63,163.86,75.16,0
26.69,28.81,227.06,61.93,0
12.51,29.53,59.77,27.59,0
90.4,66.76,508.12,310.6,1
55.29,41.38,50.35,44.53,0
30.3,23.33,226.37,61.69,0
32.46,44.46,131.16,19.87,0
55.32,28.77,291.31,30.02,0
94.45,99.58,40.02,790.26,1
51.02,35.28,213.46,88.95,0
40.3,52.67,105.16,37.85,0
54.43,50.12,88.91,34.7,0
30.28,56.09,73.42,30.43,0
57.43,27.55,172.63,77.01,0
11.16,26.52,94.43,48.51,0
13.82,22.88,111.31,92.28,0
89.2,90.54,37.7,804.0,1
30.78,20.83,256.64,79.89,0
12.41,29.93,70.9,27.12,0
10.74,58.65,289.4,24.04,0
28.61,48.3,100.58,55.84,0
34.44,26.53,132.94,28.13,0
48.06,45.1,80.77,85.12,0
26.32,40.46,259.12,27.06,0
70.53,70.68,379.48,313.84,1
58.34,35.39,271.06,84.94,0
19.33,24.41,75.43,96.25,0
43.86,24.73,280.83,93.19,0
83.3,64.45,456.1,299.9,1
18.26,46.69,125.39,84.49,0
15.72,56.65,215.43,94.29,0
49.12,23.05,50.54,94.31,0
46.07,32.81,147.65,76.31,0
36.31,22.69,194.46,96.56,0
14.97,59.79,95.47,47.73,0
33.31,47.74,153.49,82.45,0
54.12,46.16,111.48,50.59,0
39.36,41.3,255.35,47.69,0
33.2,43.12,223.37,78.6,0
22.94,20.11,298.48,16.46,0
62.67,56.84,64.89,44.69,0
57.67,52.76,123.67,27.25,0
91.38,82.82,398.5,356.96,1
17.58,58.48,225.99,47.08,0
63.07,34.87,225.35,71.33,0
56.06,54.82,57.55,46.05,0
14.24,42.77,253.43,27.73,0
50.9,49.92,224.64,40.46,0
28.55,51.26,223.81,39.38,0
58.46,21.28,237.78,57.78,0
55.8,47.2,268.99,62.1,0
60.55,40.07,227.34,51.01,0
63.52,40.86,294.48,25.64,0
44.05,28.76,95.92,78.41,0
56.29,52.66,167.11,41.62,0
55.5,26.59,250.83,69.97,0
15.96,23.11,200.8,86.96,0
25.52,41.66,66.33,65.75,0
27.0,42.07,209.6,17.75,0
63.72,42.59,190.93,82.17,0
27.3,57.74,52.12,45.32,0
31.9,27.8,237.96,76.68,0
96.43,81.95,23.33,770.73,1
54.41,26.01,196.79,47.48,0
56.86,31.6,87.88,54.36,0
72.05,77.96,526.88,351.87,1
52.29,26.44,290.92,58.89,0
45.83,57.21,135.35,81.75,0
29.82,54.24,157.73,90.71,0
31.32,28.35,202.6,21.37,0
44.53,39.9,251.18,27.12,0
82.04,84.22,506.29,171.79,1
27.25,57.36,90.37,38.81,0
14.91,27.17,242.99,36.93,0
24.08,55.07,212.57,26.94,0
41.28,21.58,264.75,49.08,0
90.18,63.22,423.35,361.21,1
92.48,93.64,27.77,531.41,1
85.02,75.52,478.77,335.26,1
55.17,20.32,263.26,39.71,0
31.96,22.92,147.06,54.29,0
35.62,45.7,275.03,54.51,0
50.25,56.7,280.62,80.3,0
28.08,32.69,299.11,56.34,0
36.19,31.14,59.57,28.24,0
45.21,32.81,57.83,66.09,0
61.51,34.46,157.53,55.24,0
57.74,58.11,220.92,37.94,0
14.6,22.77,151.27,40.36,0
57.92,40.99,217.41,37.05,0
15.08,56.07,135.5,79.02,0
29.21,36.76,168.87,73.55,0
48.32,34.19,223.23,48.08,0
53.07,43.89,69.45,71.78,0
27.81,59.45,284.74,78.14,0
27.41,26.02,164.66,27.54,0
72.5,84.25,431.28,280.17,1
34.78,53.3,81.43,53.19,0
89.17,84.37,49.06,610.09,1
19.14,35.1,137.02,95.95,0
94.92,80.29,41.62,408.1,1
81.05,81.69,489.86,312.23,1
32.57,34.09,185.62,59.47,0
16.24,27.03,157.1,30.04,0
39.85,35.26,261.27,73.53,0
25.58,44.82,281.28,87.84,0
97.67,82.08,34.23,708.13,1
37.3,50.07,281.81,23.47,0
41.97,21.31,122.48,50.75,0
35.0,35.24,98.89,54.91,0
63.22,56.56,153.23,84.74,0
50.76,20.3,143.66,34.03,0
58.38,30.58,259.62,82.59,0
23.29,56.01,153.64,16.32,0
30.59,52.67,255.01,66.0,0
62.75,59.71,110.46,97.75,0
45.44,53.14,250.33,64.12,0
45.0,59.09,93.43,91.85,0
34.06,23.98,250.29,57.86,0
53.14,53.72,206.83,37.12,0
62.18,28.15,73.32,52.18,0
42.63,21.11,226.89,93.25,0
31.03,49.69,82.64,53.57,0
29.7,29.59,274.48,40.24,0
23.49,51.2,246.51,80.48,0
25.12,57.4,206.86,69.26,0
15.69,38.37,198.97,24.1,0
59.2,23.71,173.56,45.72,0
31.49,39.64,55.49,21.25,0
88.92,93.75,21.89,556.79,1
87.79,64.5,352.03,194.67,1
43.37,21.26,293.98,99.47,0
43.77,41.86,89.6,78.04,0
74.24,60.74,354.61,277.94,1
57.68,24.59,104.24,42.84,0
50.03,57.59,116.9,55.93,0
92.18,91.03,18.24,772.6,1
38.2,36.0,98.26,29.7,0
58.8,31.24,148.21,64.61,0
27.14,51.76,288.44,56.47,0
79.32,78.68,513.18,305.73,1
33.61,42.69,143.49,68.78,0
19.2,21.35,177.84,64.88,0
55.47,45.8,291.29,44.94,0
19.89,32.91,247.72,45.41,0
46.13,34.88,244.88,25.4,0
10.6,33.15,166.34,82.6,0
82.36,69.64,470.36,281.82,1
25.29,44.32,270.84,88.09,0
59.1,36.87,239.05,42.01,0
20.84,52.11,174.66,99.17,0
16.83,26.85,131.72,47.54,0
25.68,45.75,264.03,98.98,0
76.26,81.04,430.56,373.96,1
70.86,76.12,363.89,173.78,1
49.78,30.99,238.42,49.03,0
27.22,44.49,148.33,74.2,0
56.68,58.69,80.35,46.78,0
11.61,21.91,52.6,23.94,0
47.82,37.43,92.55,31.25,0
78.12,82.57,547.91,383.53,1
75.71,79.62,372.16,386.79,1
28.11,44.51,253.12,37.94,0
17.58,38.43,81.57,88.26,0
58.83,58.63,153.32,52.98,0
39.02,43.12,215.32,97.99,0
50.2,29.03,115.95,40.18,0
40.72,54.91,214.87,77.5,0
14.29,58.87,65.07,16.12,0
55.02,27.52,76.13,32.74,0
39.02,54.34,240.12,41.51,0
18.47,40.18,278.53,33.6,0
63.63,54.71,178.37,81.3,0
25.28,26.57,126.79,88.94,0
18.1,55.05,236.26,35.45,0
74.11,60.71,482.38,263.16,1
60.98,23.36,157.87,27.8,0
37.94,22.13,118.15,23.31,0
50.26,36.9,123.5,49.23,0
39.13,39.74,158.39,72.9,0
62.74,28.78,63.28,18.03,0
13.62,24.04,106.62,67.72,0
31.55,24.05,233.48,89.76,0
21.31,51.43,136.91,39.48,0
50.36,23.77,175.81,74.54,0
26.79,56.27,109.65,41.78,0
20.3,55.99,85.46,16.08,0
28.37,27.1,115.96,21.54,0
56.92,43.76,292.39,64.57,0
23.61,24.38,254.73,63.22,0
98.02,90.51,12.53,473.29,1
26.75,49.45,163.15,77.46,0
91.09,89.73,21.39,406.78,1
49.06,55.65,243.63,87.84,0
83.11,62.82,487.16,332.05,1
63.83,54.25,214.84,27.04,0
23.44,49.64,293.32,45.55,0
20.66,58.19,209.68,97.06,0
84.93,82.48,439.85,389.58,1
24.59,47.16,272.0,48.24,0
64.67,32.37,60.27,59.21,0
43.68,37.34,163.76,97.29,0
25.86,58.78,174.73,73.27,0
18.26,58.67,205.95,71.47,0
25.85,51.99,53.9,18.48,0
42.62,22.13,126.46,51.58,0
10.04,30.06,137.55,39.08,0
84.64,79.22,381.01,171.5,1
64.78,27.87,196.31,21.86,0
36.02,34.19,252.93,69.15,0
63.18,23.93,115.32,40.67,0
41.01,47.16,130.62,64.14,0
20.97,25.43,188.57,40.59,0
41.17,45.13,186.46,46.96,0
79.61,63.47,438.38,228.32,1
85.68,71.71,435.53,255.13,1
11.52,42.36,289.37,50.78,0
43.84,32.1,110.66,58.54,0
39.88,42.62,123.34,79.2,0
32.16,20.24,251.87,89.37,0
12.99,22.19,257.47,70.24,0
15.36,31.62,170.37,43.16,0
50.73,46.98,234.84,19.51,0
17.93,49.62,173.83,34.0,0
56.87,32.04,127.72,99.08,0
36.67,47.51,78.68,15.0,0
16.66,23.87,101.07,55.27,0
34.41,22.23,80.45,49.39,0
97.84,96.83,29.6,810.84,1
57.26,44.69,158.09,69.08,0
55.02,46.3,92.69,78.04,0
36.19,31.6,216.88,96.52,0
46.72,35.65,224.41,24.12,0
33.37,21.12,164.27,62.96,0
26.65,45.8,273.31,67.69,0
59.89,58.51,166.98,76.46,0
64.0,34.31,263.96,57.77,0
48.84,35.62,65.69,70.75,0
49.56,33.57,228.8,81.87,0
51.94,32.12,148.48,92.87,0
30.71,38.87,214.74,63.96,0
87.06,73.14,375.88,231.02,1
92.18,92.35,23.17,422.46,1
73.5,62.41,371.24,383.56,1
51.8,59.25,252.14,77.27,0
59.49,26.96,273.12,79.24,0
13.54,44.48,78.62,86.98,0
51.98,44.26,260.17,93.5,0
48.43,35.11,297.22,63.77,0
23.89,37.5,121.52,32.1,0
54.76,52.35,98.07,64.48,0
46.78,28.14,252.5,90.93,0
32.44,41.86,67.99,30.75,0
60.1,45.69,174.04,85.75,0
36.06,34.08,204.62,62.49,0
13.69,37.1,144.03,21.02,0
53.03,31.93,79.48,34.6,0
28.2,28.96,285.15,93.39,0
48.68,22.72,267.87,97.29,0
41.64,54.13,282.95,57.5,0
13.12,47.9,77.72,55.03,0
75.79,60.75,417.61,215.22,1
52.06,25.57,186.77,77.38,0
84.59,81.96,397.12,168.23,1
89.9,77.58,503.11,158.84,1
99.4,91.96,32.56,440.3,1
62.06,30.82,60.44,18.03,0
45.77,37.26,125.85,87.24,0
88.26,81.11,39.81,805.68,1
57.32,47.28,234.48,61.96,0
52.11,47.82,157.43,51.28,0
34.09,55.89,295.63,46.26,0
34.01,22.32,108.01,65.03,0
51.11,55.53,248.3,63.28,0
88.18,94.4,41.57,438.31,1
19.93,21.75,137.42,70.69,0
26.08,44.24,169.68,25.4,0
23.76,41.75,173.73,77.49,0
60.33,28.81,228.28,95.02,0
26.1,46.15,181.71,37.74,0
37.69,22.16,275.11,74.97,0
25.39,28.14,84.28,97.95,0
50.8,28.43,143.1,84.39,0
63.79,47.93,212.48,53.57,0
37.44,21.35,119.49,47.66,0
14.65,31.16,202.44,57.11,0
78.46,61.11,391.15,196.11,1
12.87,32.21,185.39,44.56,0
43.48,55.73,280.67,92.13,0
42.5,50.29,135.24,85.49,0
33.52,49.17,233.85,19.86,0
31.35,48.85,219.49,87.97,0
80.2,74.32,463.66,279.73,1
30.97,49.83,281.17,26.21,0
53.98,58.04,71.38,36.24,0
28.56,35.78,203.89,45.74,0
53.03,52.41,202.0,25.57,0
27.65,30.58,94.7,54.33,0
35.65,58.64,170.05,86.77,0
13.22,57.55,119.11,66.88,0
13.52,27.19,241.49,38.47,0
72.8,75.76,379.38,304.49,1
16.29,21.54,221.11,88.15,0
12.31,48.69,65.2,75.74,0
24.16,47.14,264.37,45.03,0
43.03,33.99,69.37,52.72,0
23.03,33.03,142.84,84.93,0
45.3,55.03,85.77,42.76,0
28.42,36.33,212.99,55.01,0
95.46,83.21,7.01,865.15,1
70.56,75.23,511.61,277.7,1
37.95,43.26,136.01,33.26,0
11.79,49.05,145.27,99.81,0
14.25,57.42,106.15,57.8,0
40.15,36.72,233.26,87.05,0
12.83,38.89,181.11,52.49,0
55.98,31.72,111.01,35.66,0
29.91,38.23,237.05,24.81,0
50.3,55.21,140.47,44.92,0
60.3,46.13,201.3,53.16,0
41.31,53.07,81.32,60.7,0
32.42,43.39,84.54,37.12,0
27.26,23.26,155.26,98.58,0
44.79,50.91,274.97,89.49,0
16.64,30.54,188.64,94.06,0
16.95,21.36,157.85,73.65,0
89.59,97.34,46.34,852.13,1
32.13,42.28,228.0,25.12,0
89.76,74.79,473.33,398.53,1
50.63,34.2,162.22,49.75,0
55.91,31.57,169.28,26.44,0
52.13,56.65,284.16,22.12,0
83.06,69.25,479.88,244.84,1
37.98,43.52,286.19,23.24,0
28.76,42.57,274.33,64.29,0
33.47,32.91,129.64,30.17,0
54.77,49.39,297.3,32.91,0
41.63,44.62,74.87,39.21,0
25.06,37.56,271.34,39.52,0
91.75,78.84,534.9,316.61,1
21.38,53.55,238.72,17.32,0
91.12,73.5,509.8,151.67,1
11.42,28.13,285.45,63.55,0
38.65,53.24,123.74,24.32,0
56.46,37.78,158.07,37.36,0
91.85,78.29,373.29,238.43,1
53.63,49.09,131.78,58.1,0
44.68,40.51,244.26,75.08,0
60.86,37.34,283.09,82.51,0
56.28,46.45,269.39,18.03,0
10.44,25.47,144.05,95.17,0
24.59,26.06,253.47,77.35,0
20.92,55.03,287.71,87.86,0
10.18,22.69,189.43,32.73,0
33.0,30.52,145.07,64.63,0
36.63,46.28,95.02,40.51,0
26.07,39.4,249.19,48.34,0
36.45,23.86,78.09,89.88,0
25.8,58.77,131.35,71.31,0
35.56,32.76,78.38,74.24,0
52.55,39.35,251.18,56.58,0
22.92,31.64,176.87,90.63,0
13.34,50.87,115.4,42.0,0
34.31,35.95,278.09,37.81,0
28.69,52.74,127.13,49.83,0
19.16,28.25,206.32,95.57,0
28.13,44.2,54.98,76.39,0
14.96,48.19,278.06,80.18,0
46.02,40.75,140.52,31.87,0
39.46,54.39,107.33,83.11,0
77.29,65.39,496.67,385.0,1
11.1,57.61,75.63,48.82,0
18.63,32.06,107.5,80.65,0
24.99,24.95,246.01,70.7,0
50.73,30.8,71.23,21.28,0
51.93,36.62,53.69,85.57,0
18.35,49.43,248.16,31.51,0
27.17,32.95,178.09,16.99,0
21.15,30.57,214.01,55.07,0
15.12,58.68,190.25,56.08,0
81.73,66.12,353.44,274.26,1
30.5,41.86,77.08,34.05,0
92.77,84.64,21.64,681.58,1
28.28,52.39,293.95,23.11,0
57.57,39.59,112.49,27.01,0
36.04,48.92,191.66,34.76,0
23.86,32.46,134.47,27.8,0
41.09,36.26,51.39,73.68,0
53.71,41.82,128.25,70.42,0
48.99,40.58,264.66,99.38,0
15.78,47.97,143.92,79.34,0
51.15,26.65,159.4,97.61,0
33.33,26.83,250.79,56.41,0
40.09,35.98,124.19,52.02,0
60.71,47.07,180.62,67.28,0
45.76,25.66,180.81,32.38,0
49.3,40.78,112.81,54.34,0
90.4,78.0,520.48,183.83,1
55.62,20.39,154.08,27.78,0
63.73,32.47,96.92,73.99,0
28.21,22.44,167.17,28.3,0
40.75,29.04,207.21,93.87,0
55.14,54.72,196.12,40.99,0
32.18,30.19,185.25,71.05,0
18.38,49.23,120.0,37.35,0
53.83,43.49,241.51,43.06,0
42.57,31.09,251.82,89.06,0
36.04,26.72,245.84,99.07,0
54.18,25.86,91.2,89.34,0
59.28,22.09,177.93,52.37,0
27.99,40.02,79.32,62.61,0
31.2,38.98,127.94,59.37,0
58.58,53.69,288.84,95.37,0
49.12,53.6,190.12,56.66,0
47.7,42.32,158.85,44.6,0
30.11,38.64,217.51,76.92,0
40.79,59.92,284.85,47.51,0
51.12,20.43,160.52,59.71,0
27.07,23.76,142.22,36.57,0
83.35,60.84,404.99,269.68,1
48.25,30.12,206.32,97.55,0
57.48,57.1,299.31,68.74,0
36.04,55.0,237.65,83.63,0
11.59,55.77,88.3,77.58,0
72.9,70.49,519.16,164.01,1
13.43,23.9,186.02,98.59,0
43.77,20.67,259.32,87.1,0
49.01,56.23,196.71,95.27,0
61.73,36.13,259.43,71.92,0
55.38,40.06,232.24,22.14,0
25.15,27.95,176.37,29.7,0
56.08,20.13,118.44,44.81,0
41.25,47.85,191.55,54.36,0
14.98,49.18,96.41,65.25,0
97.2,95.77,14.79,587.26,1
49.84,29.87,259.33,69.6,0
74.2,78.9,376.55,163.33,1
19.79,25.62,128.89,34.21,0
58.6,27.08,123.73,74.29,0
36.94,43.15,137.21,69.56,0
44.71,53.27,59.18,85.95,0
39.59,28.43,225.55,44.49,0
53.79,28.3,224.91,57.82,0
53.69,23.63,243.35,36.95,0
11.73,24.61,214.58,30.85,0
42.28,34.89,144.48,65.01,0
48.57,45.18,267.33,15.67,0
28.41,45.92,75.05,92.62,0
35.68,27.45,55.44,83.78,0
41.68,37.4,149.83,85.9,0
30.53,33.52,219.64,40.51,0
98.53,95.26,45.54,653.48,1
52.57,58.16,150.19,17.43,0
60.73,55.46,291.31,95.14,0
63.48,50.07,82.47,43.32,0
99.64,86.19,39.46,800.74,1
19.09,20.03,86.87,90.05,0
14.42,29.45,100.83,22.66,0
47.66,53.83,143.56,55.57,0
35.89,47.47,224.69,92.59,0
55.72,48.25,240.76,23.15,0
51.97,25.34,243.32,91.33,0
50.17,36.98,148.46,21.09,0
50.72,43.46,105.42,66.72,0
30.3,33.59,255.81,66.9,0
60.3,45.82,84.52,30.98,0
33.95,33.58,213.51,51.19,0
31.27,52.85,58.71,96.47,0
18.99,47.29,258.56,54.52,0
47.73,24.06,265.62,83.3,0
27.55,42.99,146.0,53.65,0
62.8,36.07,242.84,40.75,0
44.88,44.15,250.6,53.27,0
36.05,33.4,183.76,46.01,0
63.94,41.27,145.87,72.35,0
28.54,57.37,197.54,31.8,0
50.02,38.2,62.14,38.95,0
36.93,34.68,272.29,73.34,0
28.56,31.85,254.79,61.13,0
29.63,20.7,131.16,69.06,0
29.65,21.46,234.67,36.13,0
15.2,49.07,208.23,51.64,0
63.45,47.56,111.03,85.17,0
50.3,40.94,164.6,21.51,0
18.07,59.07,209.45,89.97,0
63.91,23.15,281.86,78.69,0
11.23,58.01,114.21,70.5,0
88.41,70.84,373.29,197.91,1
26.68,40.56,263.56,35.72,0
30.58,38.92,240.18,52.14,0
52.81,31.07,217.86,66.39,0
84.92,66.82,431.44,154.68,1
17.14,30.68,199.77,97.95,0
22.17,20.72,131.15,20.42,0
49.16,53.08,196.98,68.96,0
31.4,57.19,53.14,43.95,0
34.44,38.48,235.64,32.9,0
47.01,30.23,58.07,87.44,0
95.58,91.23,20.54,503.78,1
92.43,85.84,19.19,737.25,1
44.37,26.67,137.91,51.68,0
88.28,99.47,30.04,645.38,1
60.66,25.27,201.78,87.22,0
22.01,59.69,192.69,30.18,0
52.76,49.38,150.28,49.72,0
33.0,43.97,129.85,45.87,0
58.66,58.41,240.44,42.01,0
31.57,54.36,173.71,54.43,0
34.72,56.96,94.41,39.51,0
28.37,38.56,93.07,92.12,0
45.92,58.97,152.57,69.1,0
17.62,44.8,299.73,65.96,0
62.0,33.0,112.49,63.39,0
15.0,34.81,235.74,90.1,0
40.36,54.54,262.58,28.72,0
58.11,27.01,284.29,93.32,0
26.11,55.78,101.75,54.2,0
43.18,59.59,249.19,97.69,0
16.11,44.16,132.81,93.21,0
35.42,58.5,51.72,17.75,0
57.69,59.82,265.54,20.98,0
24.3,48.64,80.25,81.01,0
39.38,20.95,170.2,76.71,0
31.91,52.89,242.19,45.89,0
38.14,45.99,157.15,25.54,0
24.44,53.01,238.39,24.5,0
32.71,33.59,278.24,82.62,0
15.34,45.68,68.52,91.43,0
23.46,30.4,123.82,52.8,0
48.48,42.73,198.61,79.71,0
25.86,28.84,142.71,45.83,0
61.96,26.33,208.47,55.4,0
26.22,49.75,223.77,27.45,0
31.13,45.47,57.0,32.99,0
42.13,30.38,230.28,78.36,0
92.87,92.37,12.67,572.11,1
56.89,32.57,143.59,88.56,0
19.3,41.01,93.85,91.26,0
62.08,33.69,127.33,34.07,0
52.79,51.57,212.5,45.3,0
60.2,56.25,259.99,86.89,0
38.83,29.13,100.63,71.46,0
15.44,33.18,66.8,62.03,0
50.77,54.9,292.61,19.76,0
23.64,30.24,234.86,73.62,0
23.48,47.59,164.02,18.42,0
40.36,23.65,97.5,85.61,0
59.67,40.9,65.22,34.34,0
41.97,38.57,184.23,81.42,0
44.86,27.86,79.1,22.09,0
39.83,28.6,171.81,63.39,0
57.36,24.46,271.63,81.08,0
54.32,44.58,164.06,15.04,0
43.07,39.7,94.13,58.12,0
62.33,31.99,266.82,36.17,0
40.87,32.35,160.01,98.06,0
80.73,67.98,544.87,267.63,1
13.61,37.28,126.16,93.65,0
45.08,41.54,95.66,81.2,0
21.73,40.07,130.0,60.08,0
26.5,44.38,192.75,28.14,0
52.15,51.43,263.09,66.86,0
62.62,59.25,213.37,82.04,0
24.82,57.31,168.0,87.78,0
17.97,33.35,138.48,78.34,0
33.39,35.74,154.28,79.79,0
63.28,34.14,251.34,97.87,0
11.07,48.17,102.15,75.92,0
30.54,32.87,247.73,42.68,0
20.97,28.6,175.74,87.79,0
23.37,33.02,169.92,76.31,0
63.41,21.84,214.85,73.46,0
80.71,67.0,471.34,243.75,1
45.18,31.04,142.36,93.51,0
17.39,49.99,131.14,80.9,0
18.35,26.02,124.71,32.0,0
23.49,42.91,240.7,37.16,0
26.03,20.87,243.03,20.78,0
49.13,32.56,263.36,91.93,0
58.65,27.37,167.08,54.17,0
47.27,48.16,113.84,78.55,0
16.56,36.43,149.08,56.34,0
39.06,56.52,178.07,16.38,0
11.76,40.17,249.57,82.16,0
41.61,45.37,233.61,63.05,0
97.37,90.64,40.94,823.15,1
60.74,44.4,298.24,78.91,0
33.7,31.07,162.82,89.85,0
45.77,22.92,211.96,43.88,0
48.09,52.81,158.1,16.83,0
10.35,53.13,54.72,34.14,0
24.24,28.92,218.63,42.76,0
46.6,50.8,193.61,45.14,0
89.08,63.82,504.6,201.54,1
11.44,44.08,261.17,81.25,0
62.51,33.1,128.83,34.56,0
26.66,36.97,117.77,94.59,0
29.54,25.49,274.72,52.37,0
30.63,37.76,235.99,77.89,0
34.57,35.97,101.41,47.34,0
15.11,27.0,278.32,76.58,0
51.61,24.81,172.28,66.41,0
27.43,27.64,296.29,82.98,0
24.04,24.48,164.24,15.62,0
32.02,54.3,138.67,95.39,0
33.88,53.91,125.17,99.98,0
45.4,35.59,167.84,95.86,0
45.6,32.93,85.18,36.16,0
17.04,26.23,223.77,79.79,0
54.13,54.65,215.24,46.59,0
18.66,26.9,284.07,97.05,0
54.57,27.26,269.77,24.3,0
37.37,32.24,206.33,92.26,0
27.66,51.33,132.9,90.55,0
57.96,56.54,61.62,47.05,0
38.89,26.33,53.73,91.26,0
64.35,24.5,168.92,98.59,0
81.81,63.36,470.65,309.21,1
35.82,56.12,82.05,70.79,0
43.75,48.65,169.45,78.64,0
74.32,65.48,375.96,385.57,1
14.52,23.79,150.96,90.39,0
22.44,27.39,214.84,42.93,0
96.02,90.4,30.97,841.79,1
17.24,36.88,215.3,64.25,0
70.75,82.65,427.01,162.0,1
20.02,25.72,58.53,82.56,0
27.74,42.88,170.96,44.23,0
54.93,43.09,163.03,33.26,0
40.02,24.71,119.83,80.32,0
77.42,82.31,401.06,351.75,1
40.19,46.53,217.0,44.1,0
13.47,34.62,210.57,97.0,0
22.49,38.3,77.78,61.79,0
58.03,32.28,159.04,98.67,0
57.68,40.19,149.39,95.01,0
90.34,96.8,14.98,408.36,1
29.47,44.04,87.94,88.09,0
54.01,34.51,107.61,95.51,0
30.6,24.01,91.41,68.92,0
56.38,50.04,88.01,95.09,0
57.21,31.14,289.76,95.66,0
59.55,58.88,273.44,54.78,0
61.6,20.01,112.83,62.24,0
60.77,44.52,289.82,20.03,0
17.91,52.9,241.15,83.59,0
90.91,95.73,34.07,595.5,1
55.89,22.82,290.84,38.48,0
72.72,78.49,538.87,187.96,1
46.97,50.42,52.69,24.97,0
15.64,45.14,167.78,71.14,0
16.87,49.72,163.59,20.98,0
98.93,86.83,17.24,893.98,1
59.01,24.51,166.63,64.72,0
85.21,79.86,501.69,206.16,1
64.87,44.13,199.76,45.82,0
84.63,80.92,542.65,255.42,1
57.58,31.21,231.01,38.45,0
37.93,36.79,259.07,98.56,0
15.56,52.24,110.69,57.07,0
46.61,24.16,245.23,75.22,0
56.06,35.03,179.74,93.65,0
43.09,43.61,248.4,96.1,0
16.46,50.56,140.18,72.17,0
79.28,69.84,498.86,236.83,1
56.87,42.93,180.69,94.92,0
44.55,51.11,217.27,17.18,0
11.33,57.84,74.7,93.26,0
50.1,53.98,113.38,84.56,0
63.55,29.95,161.5,19.06,0
64.5,30.53,248.41,32.8,0
40.1,32.88,150.33,44.63,0
56.46,54.27,133.44,67.39,0
55.99,29.1,257.17,23.61,0
45.17,32.52,174.3,30.83,0
24.56,48.3,137.65,83.5,0
86.6,83.98,414.55,177.87,1
59.99,48.01,190.12,79.33,0
31.89,47.83,99.65,22.7,0
58.23,36.19,115.84,75.85,0
31.82,56.85,75.91,96.27,0
58.81,31.76,192.53,21.99,0
93.31,80.82,29.66,733.76,1
37.2,53.33,295.82,35.85,0
45.63,28.64,53.1,35.71,0
43.67,53.52,153.63,61.85,0
32.68,53.92,195.22,68.32,0
91.54,78.67,491.35,395.48,1
24.5,34.81,275.01,94.64,0
29.64,58.32,83.62,88.1,0
90.96,90.77,10.79,890.51,1
37.91,39.03,128.37,83.62,0
49.61,48.7,211.24,62.1,0
93.58,91.49,7.39,709.4,1
33.99,58.13,92.84,62.6,0
13.17,33.9,266.89,27.57,0
13.6,48.75,192.44,95.52,0
49.25,39.63,226.05,95.13,0
90.58,89.04,29.23,737.33,1
41.34,55.04,286.57,27.26,0
47.47,32.58,51.69,66.82,0
29.71,24.79,294.34,67.18,0
50.17,49.3,112.2,66.13,0
19.86,27.25,212.35,57.07,0
14.9,57.85,193.5,95.67,0
32.42,47.86,84.63,44.18,0
29.53,48.29,269.77,57.47,0
32.08,29.07,296.41,68.81,0
51.35,40.95,55.1,66.52,0
88.71,87.46,12.58,881.8,1
10.26,35.39,56.91,91.94,0
57.26,58.23,97.12,67.77,0
22.01,33.81,268.02,92.57,0
41.57,55.66,226.59,89.77,0
18.19,52.76,57.59,18.3,0
62.69,57.63,251.8,41.49,0
29.2,27.22,179.62,91.52,0
43.19,59.89,280.0,94.71,0
82.06,69.72,439.59,179.1,1
28.61,34.63,109.86,84.49,0
32.24,34.33,279.15,93.3,0
60.03,48.31,259.77,23.4,0
46.49,32.82,181.83,63.88,0
31.68,41.86,100.23,42.23,0
20.89,57.77,156.58,51.99,0
11.31,24.17,190.31,66.82,0
64.58,50.83,242.71,74.41,0
12.29,57.87,126.78,64.93,0
81.94,76.02,497.85,283.57,1
26.66,27.53,291.05,19.46,0
58.05,49.54,181.0,30.15,0
48.46,56.43,74.66,95.75,0
85.67,61.82,390.72,201.68,1
10.86,56.88,101.51,73.6,0
70.1,66.01,512.73,357.83,1
99.85,96.53,21.73,818.89,1
17.79,29.85,217.13,89.97,0
41.38,54.55,206.55,32.41,0
86.21,66.82,488.06,253.97,1
25.29,56.04,254.18,56.5,0
44.46,35.82,224.0,53.18,0
22.26,45.5,78.82,91.69,0
20.08,33.1,285.88,36.8,0
61.18,35.93,184.07,39.2,0
15.97,24.78,255.72,90.14,0
94.66,89.96,10.72,897.78,1
16.01,29.15,258.27,30.68,0
54.35,29.67,203.83,52.24,0
42.84,21.64,283.4,80.18,0
21.57,32.72,192.2,95.63,0
62.27,56.87,137.53,32.06,0
31.52,26.12,122.95,20.41,0
20.69,46.32,159.72,89.06,0
23.52,41.14,189.21,27.19,0
88.68,93.7,23.45,667.14,1
19.35,57.31,142.59,27.2,0
22.85,35.25,190.68,84.17,0
16.58,28.98,207.07,62.91,0
45.69,56.43,284.3,69.81,0
43.88,37.99,237.02,73.04,0
28.98,59.52,163.75,93.15,0
39.51,34.41,86.1,69.15,0
63.21,59.97,270.48,46.29,0
54.3,25.76,164.98,75.41,0
22.48,36.09,260.03,45.0,0
79.27,70.44,496.69,260.97,1
30.0,33.04,149.72,76.48,0
21.93,27.64,98.65,89.26,0
44.04,56.01,187.05,79.94,0
45.42,28.54,85.33,24.24,0
26.52,53.32,243.64,68.01,0
21.94,42.07,89.18,47.66,0
19.92,37.72,223.49,47.81,0
25.03,49.84,190.84,28.25,0
53.0,27.91,152.82,54.83,0
72.87,83.28,413.24,383.26,1
50.44,55.04,219.05,81.89,0
10.48,54.49,63.19,87.47,0
59.6,28.12,87.65,33.11,0
29.96,56.37,195.86,85.4,0
48.7,31.59,75.37,62.76,0
73.34,70.38,456.46,304.57,1
40.38,38.78,295.83,73.65,0
91.47,76.6,379.33,261.23,1
17.46,35.24,144.84,29.49,0
47.85,52.72,282.74,64.72,0
59.17,58.81,286.65,63.18,0
91.73,82.16,363.78,183.74,1
31.65,25.98,298.22,82.23,0
62.89,32.83,227.85,95.64,0
43.15,51.97,53.99,90.74,0
19.3,54.05,98.01,38.82,0
60.38,39.58,276.45,19.42,0
26.86,37.96,158.24,18.44,0
51.79,38.32,70.06,61.86,0
63.8,44.97,233.66,16.63,0
59.75,35.2,59.0,72.11,0
28.46,52.13,263.41,81.65,0
28.82,57.72,229.78,61.95,0
24.67,56.53,279.69,22.21,0
27.52,40.35,78.38,83.91,0
15.89,22.98,143.35,28.09,0
52.84,54.55,52.41,16.14,0
57.86,44.7,89.06,68.22,0
80.14,81.84,507.23,176.46,1
48.73,27.98,236.52,21.9,0
62.33,20.15,247.9,34.81,0
14.37,32.82,182.33,55.46,0
64.34,44.22,96.52,39.49,0
57.58,22.45,96.23,15.54,0
20.87,25.76,185.5,97.68,0
48.66,23.03,96.76,42.32,0
89.95,92.71,31.65,700.78,1
25.7,37.06,256.12,77.51,0
46.02,58.73,112.92,79.12,0
13.45,33.77,233.23,67.69,0
14.4,50.58,229.03,16.02,0
14.85,43.53,279.08,45.73,0
47.3,22.64,115.61,86.38,0
50.82,39.22,174.92,79.89,0
64.95,27.61,196.81,18.63,0
35.57,38.47,280.86,86.95,0
93.56,97.98,25.35,471.04,1
33.08,20.98,84.86,41.92,0
95.59,87.99,5.63,795.69,1
19.5,43.72,95.98,23.06,0
18.24,33.49,55.42,48.34,0
62.54,41.97,106.93,56.36,0
33.81,57.89,89.96,97.37,0
62.88,22.68,130.82,55.52,0
22.93,57.73,250.91,50.39,0
26.94,26.34,207.61,73.14,0
16.7,25.18,120.47,76.6,0
57.53,34.78,292.61,20.37,0
32.94,28.38,131.55,34.84,0
76.88,82.89,544.51,346.7,1
41.75,33.24,98.59,25.81,0
44.8,58.85,107.23,65.39,0
55.08,39.54,167.44,16.65,0
15.26,50.01,205.9,21.91,0
43.14,55.64,289.57,37.61,0
52.76,51.65,119.05,27.16,0
13.25,29.86,208.27,42.81,0
36.54,25.84,118.19,42.2,0
95.26,90.73,42.09,722.92,1
95.17,82.41,38.0,767.75,1
53.94,31.3,247.68,50.95,0
10.6,30.44,86.01,17.15,0
51.93,23.15,166.23,92.33,0
44.42,42.21,198.46,79.47,0
25.05,31.04,226.57,53.53,0
17.07,58.24,80.98,88.76,0
30.29,32.61,230.13,61.76,0
45.55,35.82,131.65,86.07,0
25.56,42.62,192.13,90.08,0
49.45,25.27,65.97,20.77,0
38.75,57.6,108.75,79.15,0
92.06,88.25,38.79,646.23,1
38.86,45.67,149.0,28.17,0
54.79,37.94,78.81,92.47,0
23.16,45.79,189.42,19.46,0
22.4,21.7,104.75,34.78,0
57.88,40.02,130.74,79.26,0
11.06,50.62,173.06,71.92,0
40.25,21.61,197.42,32.75,0
10.39,48.07,195.4,46.29,0
73.61,65.32,457.25,378.8,1
25.48,42.25,177.72,28.59,0
43.42,33.38,131.76,37.13,0
25.7,21.15,200.84,70.37,0
32.31,27.39,60.42,83.39,0
58.08,28.01,192.55,78.52,0
47.08,55.47,254.47,45.68,0
44.44,42.67,271.1,36.45,0
27.04,28.66,95.23,43.38,0
49.6,48.8,164.47,48.21,0
60.65,39.21,199.19,82.58,0
61.58,23.11,76.82,15.02,0
12.75,20.45,118.56,15.0,0
50.08,58.45,74.31,46.28,0
63.4,49.67,143.21,38.8,0
26.36,21.4,80.02,27.06,0
61.27,59.33,278.64,25.23,0
62.38,51.71,270.07,94.22,0
16.19,48.99,163.81,90.35,0
25.02,20.9,190.81,20.38,0
21.85,35.9,144.36,18.16,0
35.61,27.0,53.32,91.28,0
62.77,55.06,227.48,76.1,0
24.7,46.85,290.8,30.99,0
54.57,59.83,61.03,62.87,0
82.3,77.57,508.39,328.89,1
25.76,23.54,141.82,84.76,0
30.53,56.07,231.55,60.97,0
45.16,36.28,195.05,46.63,0
97.21,82.95,35.27,844.71,1
32.43,58.46,71.61,36.52,0
60.86,45.82,162.69,60.83,0
58.94,33.74,279.57,98.53,0
28.79,45.31,236.2,87.34,0
63.75,51.69,256.17,48.69,0
58.44,59.62,186.0,59.16,0
24.01,42.02,285.57,77.88,0
53.32,39.57,131.37,86.1,0
61.53,40.92,254.84,33.62,0
32.44,50.06,76.61,69.44,0
55.89,55.81,97.08,15.05,0
37.75,24.31,86.09,21.14,0
90.9,88.12,42.14,670.98,1
54.8,20.94,57.77,25.29,0
52.68,22.85,113.36,95.84,0
29.66,36.12,224.45,40.52,0
21.46,37.14,197.42,55.67,0
12.3,39.65,57.88,42.17,0
48.53,54.45,145.94,60.82,0
47.87,44.81,137.76,97.57,0
11.5,21.55,171.86,92.0,0
39.91,23.32,231.07,75.83,0
80.0,78.73,398.28,396.0,1
27.04,51.09,263.66,33.41,0
10.57,25.14,265.68,81.37,0
79.78,72.55,442.64,324.28,1
60.87,46.15,62.18,64.78,0
37.01,56.09,123.35,28.83,0
28.23,24.39,88.7,86.18,0
36.74,20.23,243.94,83.58,0
86.99,61.1,386.54,235.02,1
56.5,29.15,161.17,74.57,0
72.23,63.48,498.07,386.67,1
34.1,34.67,224.73,16.75,0
48.16,45.39,76.58,55.26,0
40.65,36.89,66.29,37.34,0
77.87,70.03,533.85,376.65,1
72.66,64.05,464.08,316.16,1
64.81,34.93,115.75,20.68,0
20.2,36.53,189.92,34.74,0
17.33,48.06,52.8,20.1,0
16.2,46.64,196.39,15.75,0
73.02,83.02,522.12,350.31,1
36.11,39.15,74.76,47.97,0
39.78,52.15,86.53,25.79,0
57.37,22.72,178.35,98.93,0
23.59,50.14,259.94,45.75,0
24.44,22.39,157.97,89.01,0
11.52,46.87,282.69,48.22,0
57.68,49.94,81.83,67.27,0
58.88,45.84,238.86,28.37,0
25.82,50.92,158.19,17.63,0
14.67,55.67,86.39,69.52,0
31.63,38.58,251.7,92.95,0
39.44,33.08,127.04,95.62,0
31.24,54.85,222.11,74.1,0
83.31,76.53,464.8,267.33,1
36.93,33.7,179.25,68.67,0
24.75,30.85,122.24,58.65,0
59.82,56.29,191.5,44.62,0
55.42,40.71,152.88,37.43,0
46.25,50.73,272.64,26.84,0
26.23,47.48,140.37,61.14,0
53.89,43.27,93.35,76.59,0
84.05,65.14,507.99,357.6,1
45.61,39.88,111.41,56.17,0
41.25,41.5,86.58,66.51,0
63.16,52.52,295.97,15.28,0
61.38,57.11,163.69,99.22,0
25.24,42.7,99.8,19.33,0
63.99,43.81,169.09,47.89,0
19.96,34.45,250.32,19.63,0
25.25,41.94,117.1,81.63,0
85.11,65.12,528.26,291.64,1
28.57,44.97,119.29,51.53,0
44.01,42.82,116.68,61.97,0
18.34,42.15,129.18,33.69,0
55.38,28.13,204.07,96.13,0
50.73,59.15,117.43,56.33,0
56.5,28.84,164.88,29.08,0
22.12,24.3,109.69,41.22,0
42.98,35.47,103.35,23.53,0
49.18,37.7,234.79,47.68,0
30.91,41.65,117.93,89.95,0
53.43,40.96,130.52,57.42,0
56.1,44.26,143.24,74.79,0
48.44,35.11,247.02,32.61,0
32.28,29.95,122.67,34.63,0
35.83,20.97,283.82,35.75,0
34.87,52.0,147.22,44.34,0
37.0,48.97,277.3,22.6,0
22.57,34.66,299.27,55.68,0
56.95,45.8,199.78,83.86,0
63.85,34.58,240.18,22.65,0
72.03,77.38,360.01,169.81,1
79.97,67.33,521.7,219.63,1
75.04,67.79,454.1,207.95,1
12.87,46.18,246.07,96.08,0
73.87,73.7,538.4,373.73,1
54.43,27.82,228.13,20.73,0
54.95,27.15,81.03,54.32,0
49.78,26.11,283.04,35.88,0
57.05,50.65,178.31,16.76,0
13.13,25.4,62.09,28.25,0
57.39,53.37,193.47,38.74,0
19.63,24.4,112.05,69.41,0
13.69,35.1,50.14,54.17,0
47.26,35.8,185.37,49.33,0
62.92,57.73,138.48,66.47,0
51.21,50.07,180.87,49.65,0
37.48,52.19,101.72,65.98,0
26.41,44.18,153.1,46.96,0
27.3,27.95,54.01,52.02,0
18.09,54.61,247.63,78.68,0
26.61,29.78,54.09,34.3,0
36.77,38.65,166.3,90.0,0
32.87,22.05,286.93,91.25,0
76.5,61.33,443.02,246.64,1
33.84,43.93,138.69,58.57,0
61.37,54.75,169.86,44.96,0
60.71,26.64,298.02,27.4,0
24.83,20.99,104.67,59.29,0
32.19,51.94,165.07,67.85,0
12.8,40.68,80.82,52.26,0
52.0,21.45,244.83,76.94,0
13.7,58.73,283.24,47.12,0
34.19,48.9,116.78,27.09,0
72.05,69.6,428.88,160.47,1
62.45,27.78,192.32,50.5,0
18.34,41.88,113.79,92.87,0
13.64,54.35,116.38,56.03,0
35.76,59.25,281.21,56.95,0
35.28,55.98,204.2,98.25,0
91.02,66.45,461.71,372.29,1
28.18,46.6,181.68,71.76,0
42.44,47.3,251.55,81.16,0
54.82,37.35,118.05,94.89,0
63.5,59.65,62.82,65.29,0
24.17,52.96,188.75,86.78,0
62.59,38.57,88.31,23.38,0
29.96,49.7,154.82,43.15,0
18.93,39.25,282.1,20.64,0
58.91,37.42,253.77,28.09,0
11.68,57.5,79.56,35.03,0
80.82,83.96,467.68,251.33,1
25.76,44.42,91.22,28.53,0
30.73,23.32,70.52,82.68,0
39.72,39.71,73.08,97.46,0
45.64,59.67,50.52,30.09,0
64.1,34.67,221.42,85.27,0
41.46,21.62,273.22,43.06,0
42.06,59.53,203.59,84.82,0
19.35,35.63,298.37,24.14,0
43.85,41.04,257.95,39.18,0
43.34,30.4,210.87,74.5,0
43.36,47.56,58.01,87.43,0
48.22,52.41,139.69,58.25,0
48.81,36.04,251.74,34.99,0
91.71,86.53,15.83,474.36,1
14.37,43.51,79.43,24.15,0
18.21,22.94,242.59,73.46,0
49.53,37.41,80.65,69.77,0
82.15,74.69,537.49,202.44,1
11.86,26.26,97.87,20.61,0
56.92,30.09,96.64,57.3,0
31.86,48.37,130.89,26.3,0
63.17,36.89,128.7,92.82,0
48.49,20.3,245.8,96.11,0
36.78,59.53,87.04,90.16,0
43.22,58.28,276.83,76.27,0
52.4,45.26,227.84,83.02,0
10.15,39.31,256.08,57.59,0
28.29,46.35,234.14,57.92,0
58.93,59.75,203.12,67.04,0
62.24,52.01,163.74,76.12,0
39.63,50.23,61.13,43.27,0
44.49,51.67,168.63,89.65,0
90.11,75.22,396.19,228.79,1
34.71,32.01,213.01,18.29,0
59.74,30.17,116.34,60.11,0
62.36,37.97,149.25,51.55,0
97.63,85.47,41.65,673.27,1
37.6,58.1,248.66,69.4,0
43.01,22.05,297.22,33.14,0
25.82,24.63,108.71,99.09,0
28.07,41.8,100.06,73.23,0
45.58,57.86,55.17,26.04,0
24.2,46.3,217.95,50.32,0
74.49,64.1,369.52,382.94,1
39.83,41.95,67.15,98.54,0
88.77,60.08,397.91,344.67,1
61.94,58.61,78.34,53.36,0
52.13,51.18,166.32,25.38,0
25.31,23.33,247.25,45.03,0
20.41,57.8,231.33,92.43,0
63.32,50.66,298.03,28.79,0
38.71,47.58,98.54,99.24,0
29.33,33.61,147.32,79.32,0
38.18,52.47,103.09,31.16,0
52.54,49.91,66.73,99.41,0
46.14,56.52,173.59,80.52,0
45.34,27.96,60.49,53.5,0
29.55,59.51,283.48,70.14,0
56.06,58.78,265.5,22.24,0
42.71,42.46,79.12,26.54,0
64.79,49.04,135.18,68.12,0
55.94,32.68,128.01,84.88,0
57.23,22.2,125.05,96.95,0
24.21,35.18,88.26,43.9,0
14.09,41.24,68.78,41.21,0
11.25,59.25,131.94,75.5,0
90.49,75.07,520.31,240.63,1
24.53,33.35,272.1,30.52,0
54.02,29.26,119.13,86.52,0
39.77,54.37,252.89,61.66,0
47.98,31.89,188.09,40.29,0
86.55,61.02,533.77,255.04,1
24.8,22.08,67.19,95.66,0
15.88,39.08,167.31,45.7,0
24.54,43.63,190.3,82.5,0
19.26,45.94,192.25,88.67,0
10.93,28.74,227.04,29.4,0
98.37,90.19,49.53,402.64,1
25.03,51.79,244.07,30.94,0
13.27,28.44,216.72,31.36,0
28.93,36.18,197.69,92.41,0
23.7,54.25,81.16,50.72,0
37.37,59.11,151.39,31.25,0
17.05,27.37,210.21,25.2,0
17.28,21.61,299.54,78.31,0
47.62,25.32,104.53,96.55,0
45.85,48.69,257.49,16.17,0
21.35,25.78,231.08,81.78,0
77.15,70.28,481.9,320.08,1
21.09,45.4,101.7,45.02,0
88.88,76.56,447.98,387.29,1
23.87,37.33,89.65,81.42,0
51.16,40.97,100.96,24.39,0
25.59,27.08,242.26,55.22,0
13.59,38.18,125.8,34.07,0
57.51,53.58,290.88,37.92,0
34.1,25.34,245.25,69.84,0
64.26,42.07,210.47,27.3,0
30.4,30.19,74.71,88.27,0
27.06,36.15,65.74,96.36,0
59.43,30.08,111.07,96.4,0
88.83,74.36,534.89,380.46,1
63.76,20.13,289.66,42.83,0
40.46,42.72,50.37,31.44,0
26.85,50.57,112.79,83.39,0
44.59,46.79,290.16,63.04,0
30.9,44.98,272.56,42.6,0
77.85,78.97,456.5,273.29,1
40.93,47.59,75.8,91.15,0
57.66,28.2,153.09,99.66,0
47.45,59.04,160.32,26.54,0
22.02,23.87,114.11,93.05,0
64.52,45.72,272.45,90.91,0
60.8,44.47,73.38,36.28,0
51.05,57.53,110.3,55.46,0
19.19,50.29,232.17,93.73,0
64.57,51.83,271.87,23.51,0
22.61,43.03,50.02,74.19,0
86.57,73.91,382.86,334.73,1
94.86,93.35,13.66,811.16,1
12.49,27.18,256.82,31.8,0
13.37,37.98,204.66,17.68,0
49.82,34.67,239.15,79.69,0
33.75,47.52,258.4,28.52,0
19.43,21.41,93.77,86.65,0
14.67,26.3,68.3,50.28,0
48.48,26.65,228.42,75.67,0
81.68,82.52,468.34,390.47,1
28.15,38.12,257.19,65.51,0
21.86,37.96,93.03,86.12,0
27.37,44.25,281.55,82.86,0
20.79,31.82,243.14,54.51,0
41.98,51.86,81.69,19.57,0
39.34,54.29,190.02,48.54,0
49.18,52.67,63.21,30.28,0
87.58,66.01,360.15,364.58,1
14.08,41.56,70.89,59.63,0
24.36,41.96,257.03,18.74,0
56.08,25.59,247.51,74.4,0
18.13,37.69,155.53,68.88,0
51.81,38.44,220.33,99.38,0
11.82,20.46,56.83,71.51,0
54.53,21.21,130.62,79.39,0
42.22,23.31,97.61,96.01,0
53.1,41.56,142.88,81.93,0
43.27,48.77,297.1,41.59,0
53.71,40.16,122.47,39.83,0
40.02,25.92,217.04,60.9,0
38.72,50.72,87.64,85.07,0
44.19,21.7,144.86,18.43,0
11.44,43.97,50.7,37.21,0
28.99,33.66,140.37,58.85,0
32.29,42.52,108.95,27.69,0
22.53,32.87,215.33,46.13,0
53.18,35.01,60.47,75.71,0
12.92,28.32,152.55,87.76,0
44.0,51.46,54.25,68.07,0
61.62,56.99,96.19,20.48,0
12.58,24.9,147.92,85.97,0
40.57,41.17,51.24,68.17,0
57.13,27.1,287.11,57.37,0
81.34,69.45,502.77,282.08,1
24.73,26.19,66.38,74.21,0
26.23,26.83,192.86,71.91,0
32.42,26.34,110.68,50.68,0
30.25,49.01,182.08,33.18,0
52.81,23.29,268.36,84.87,0
64.02,35.6,138.67,78.77,0
57.65,21.69,150.82,34.47,0
28.7,47.33,123.46,96.53,0
70.51,62.12,425.45,252.8,1
25.98,43.03,253.68,57.94,0
86.98,78.27,423.67,289.02,1
19.82,59.29,132.89,97.66,0
55.75,22.46,222.06,18.19,0
13.16,54.12,109.7,92.9,0
52.08,34.2,257.13,36.91,0
48.99,35.79,105.47,27.02,0
15.2,43.99,181.55,76.31,0
39.94,44.26,99.65,65.43,0
20.89,28.67,151.25,42.46,0
58.53,54.19,230.84,96.28,0
83.46,72.62,501.68,231.86,1
35.39,40.03,151.8,61.97,0
89.62,60.27,386.97,355.09,1
88.35,82.13,40.04,456.01,1
42.85,56.97,111.1,47.07,0
48.66,30.56,120.91,98.22,0
49.86,36.62,50.77,67.79,0
30.23,51.68,83.48,19.93,0
13.9,24.93,181.49,80.61,0
39.66,29.03,149.25,55.57,0
42.26,50.26,151.82,29.5,0
61.79,44.26,176.46,21.25,0
28.44,36.73,73.06,94.37,0
57.15,31.76,179.92,49.62,0
55.63,45.22,244.5,43.69,0
31.75,37.41,247.68,18.94,0
16.41,25.15,245.08,16.53,0
20.61,59.61,180.06,32.27,0
58.65,23.54,267.81,17.32,0
35.06,32.82,236.29,23.5,0
22.02,55.9,138.95,84.48,0
20.09,42.88,171.35,87.03,0
40.88,56.1,205.29,98.63,0
25.97,58.53,78.96,40.84,0
53.66,59.41,245.06,44.12,0
57.46,56.51,234.16,59.93,0
21.66,45.81,203.63,25.55,0
30.38,47.64,54.51,84.89,0
64.63,43.23,66.21,39.59,0
61.42,48.59,163.28,36.7,0
32.16,43.91,193.2,95.12,0
44.35,52.32,267.39,70.83,0
45.3,50.38,236.5,72.45,0
56.98,23.59,180.55,27.34,0
41.86,45.47,192.19,27.49,0
26.19,50.89,271.83,63.41,0
57.13,58.13,272.63,24.21,0
54.39,28.92,245.13,80.98,0
41.02,58.43,63.69,67.89,0
40.68,26.2,210.06,53.86,0
59.04,45.68,93.48,33.35,0
64.71,29.12,201.68,42.69,0
59.93,46.01,274.63,59.22,0
40.86,20.7,254.69,39.2,0
28.96,36.3,215.9,98.44,0
82.46,70.85,355.99,351.15,1
32.34,50.52,186.13,27.46,0
15.14,42.02,193.23,44.3,0
60.79,28.67,190.45,83.74,0
55.68,55.29,241.62,83.61,0
28.53,56.95,80.05,86.68,0
31.93,25.96,196.9,80.72,0
24.95,55.96,263.66,85.77,0
51.38,20.04,216.93,58.68,0
59.9,35.57,299.61,24.93,0
92.65,84.04,8.65,496.67,1
55.3,52.93,56.37,95.35,0
13.08,45.93,70.03,68.54,0
50.58,22.17,151.95,30.06,0
20.77,43.3,160.83,49.95,0
50.15,28.82,119.95,16.43,0
34.35,31.26,90.58,75.72,0
17.69,36.13,265.75,72.07,0
28.95,42.22,73.02,89.16,0
55.43,56.91,280.77,98.47,0
61.29,22.67,244.43,16.93,0
84.84,66.57,544.06,199.61,1
14.91,25.31,282.85,45.42,0
74.46,82.9,430.26,266.8,1
80.21,65.12,549.22,376.91,1
14.32,26.54,144.96,33.6,0
55.38,59.18,129.44,54.76,0
63.7,35.04,97.6,53.04,0
81.99,67.68,468.51,331.5,1
41.83,21.91,266.03,39.99,0
54.96,37.25,121.19,19.5,0
47.51,53.28,149.59,60.41,0
89.91,78.52,449.93,278.35,1
71.65,80.85,477.81,369.55,1
82.96,80.68,370.47,198.35,1
63.55,26.86,186.53,77.44,0
50.22,44.26,108.47,51.21,0
58.11,41.57,269.16,87.09,0
47.48,32.74,57.29,34.46,0
62.79,20.92,246.4,65.03,0
33.58,47.23,298.62,53.55,0
32.15,57.53,108.99,49.43,0
18.06,51.7,141.27,15.19,0
14.64,53.63,95.11,68.48,0
18.76,59.69,219.69,71.06,0
28.43,59.55,284.26,73.37,0
18.27,22.91,212.83,94.65,0
41.38,33.1,149.48,53.82,0
12.17,43.63,243.14,37.82,0
43.49,31.55,186.68,16.37,0
59.07,21.51,132.72,17.88,0
50.13,46.49,185.57,97.88,0
48.03,40.29,122.97,26.05,0
77.43,78.39,452.44,307.38,1
25.6,38.07,186.42,53.92,0
60.21,47.81,160.35,45.34,0
59.24,36.07,147.62,31.66,0
46.12,21.05,203.9,38.37,0
62.99,22.54,206.95,97.74,0
39.27,35.38,87.48,68.01,0
81.13,77.96,380.78,358.52,1
41.72,39.76,237.44,82.19,0
47.49,20.03,210.89,73.0,0
30.28,47.82,270.76,71.4,0
86.62,69.75,495.54,232.97,1
12.11,46.92,91.98,91.48,0
51.06,54.1,117.08,30.52,0
35.34,35.76,85.09,85.25,0
20.21,29.86,287.91,73.1,0
56.57,51.58,257.58,33.89,0
82.02,82.54,464.52,175.78,1
24.34,47.38,279.0,30.86,0
49.73,57.29,94.47,95.33,0
63.27,26.87,286.52,33.84,0
28.88,44.32,221.61,23.69,0
90.67,62.66,492.12,242.31,1
45.52,40.76,289.06,95.71,0
10.86,32.82,171.94,72.81,0
22.33,27.77,207.03,25.2,0
38.18,43.08,281.58,24.62,0
36.63,21.88,180.39,74.9,0
24.8,21.51,259.64,32.87,0
27.89,38.15,131.69,42.86,0
50.09,34.64,271.52,84.49,0
56.52,40.98,109.54,51.23,0
71.01,84.0,403.15,361.65,1
45.38,24.36,287.6,82.36,0
29.46,38.27,203.93,95.58,0
42.55,38.92,65.04,77.26,0
36.29,30.87,82.44,86.8,0
57.1,33.93,90.7,26.63,0
54.5,52.38,157.04,19.96,0
52.51,40.26,248.07,53.23,0
26.43,26.7,173.18,43.72,0
50.74,46.77,185.34,43.86,0
63.05,51.86,129.33,75.58,0
19.78,25.16,289.5,92.39,0
97.75,88.56,19.95,468.06,1
89.41,61.07,510.32,243.13,1
45.6,29.28,289.62,26.15,0
89.43,80.68,509.86,367.12,1
10.31,33.6,58.45,32.35,0
40.56,27.29,75.09,40.78,0
81.55,69.58,467.29,398.78,1
37.48,54.01,297.62,33.88,0
45.05,37.64,287.36,69.67,0
10.35,34.65,178.83,77.79,0
30.29,28.37,289.67,59.7,0
19.51,41.73,254.09,77.65,0
13.46,28.01,85.8,86.5,0
26.77,23.7,144.29,15.69,0
23.46,30.5,90.04,75.99,0
11.33,26.6,167.92,59.09,0
35.08,51.48,274.96,55.81,0
51.08,34.53,206.93,56.13,0
57.45,57.69,131.36,67.58,0
52.65,46.79,163.39,91.47,0
50.13,35.7,187.34,30.44,0
16.65,38.75,65.83,73.44,0
53.3,49.13,281.45,70.71,0
99.48,98.52,19.66,486.27,1
41.18,44.59,235.25,89.93,0
96.79,95.99,34.58,692.59,1
22.99,42.03,109.11,29.16,0
48.64,29.78,194.4,91.03,0
40.58,32.32,154.47,56.57,0
50.54,55.3,104.72,83.7,0
61.8,42.84,115.26,36.58,0
52.62,44.45,231.26,30.34,0
55.37,54.42,159.7,30.88,0
13.84,22.22,111.62,91.59,0
38.99,39.91,78.13,56.68,0
77.19,74.49,461.66,378.75,1
18.21,52.49,238.19,23.38,0
31.84,51.62,265.74,61.58,0
58.59,30.61,188.55,66.56,0
89.47,72.97,451.18,292.23,1
21.58,49.6,226.24,46.64,0
20.16,45.5,148.59,20.17,0
51.28,59.9,242.14,32.17,0
26.62,56.9,211.35,84.25,0
82.62,62.74,363.28,358.8,1
21.55,49.12,274.63,88.75,0
18.21,43.09,244.81,77.03,0
29.15,20.96,125.7,55.63,0
50.42,27.71,203.02,31.69,0
32.86,38.8,102.6,65.45,0
63.21,25.81,62.1,27.83,0
21.4,24.72,221.7,74.53,0
35.66,46.41,63.38,66.5,0
14.91,24.51,150.67,26.01,0
16.65,48.87,161.62,76.45,0
60.9,50.4,283.1,31.83,0
50.13,21.48,192.97,51.67,0
39.49,46.41,163.84,89.53,0
52.72,24.15,241.09,38.97,0
25.64,51.59,220.76,68.15,0
28.54,20.35,216.23,98.47,0
25.77,25.15,260.0,65.27,0
30.17,58.71,230.39,86.37,0
50.82,46.21,251.34,33.24,0
42.79,25.13,223.64,57.21,0
15.34,58.76,79.66,38.41,0
29.75,33.07,141.67,41.09,0
74.66,60.68,538.3,372.03,1
11.41,59.6,282.55,50.91,0
18.91,29.23,173.71,20.13,0
13.38,48.75,291.0,51.65,0
70.49,65.71,375.3,220.35,1
59.56,33.7,115.27,88.44,0
47.64,45.68,105.46,75.38,0
23.73,24.99,204.03,92.18,0
37.3,56.57,209.96,46.33,0
76.78,61.62,438.56,319.27,1
92.46,88.5,12.76,523.05,1
15.85,53.47,112.77,51.91,0
40.52,50.77,249.31,58.71,0
11.47,56.46,248.13,62.08,0
31.93,50.54,72.5,28.76,0
39.94,40.67,253.08,71.97,0
18.15,21.22,229.95,97.81,0
35.49,27.82,60.61,53.5,0
35.41,29.17,69.93,19.06,0
77.94,73.27,405.11,225.06,1
19.62,48.16,56.2,63.04,0
39.24,41.12,138.83,51.2,0
23.96,21.19,80.12,15.46,0
46.91,54.89,100.09,49.22,0
60.57,37.58,113.56,52.19,0
55.28,23.16,196.29,59.59,0
48.47,39.0,58.02,98.28,0
33.41,32.42,132.58,65.09,0
53.73,22.02,197.13,71.66,0
23.88,20.79,213.78,64.77,0
61.78,22.72,228.73,79.37,0
83.88,66.74,350.61,212.32,1
88.79,95.69,6.9,705.28,1
54.43,31.91,257.53,84.85,0
78.69,75.15,547.94,309.72,1
20.93,43.61,221.29,84.16,0
40.61,31.7,152.72,47.47,0
21.9,31.47,62.28,55.79,0
22.83,26.97,130.58,30.56,0
63.19,46.79,198.78,64.54,0
91.9,71.15,352.93,327.87,1
73.63,70.77,547.61,315.08,1
35.7,40.62,254.95,60.95,0
14.9,22.2,89.59,71.56,0
54.18,45.11,73.77,94.13,0
90.76,79.98,397.04,321.09,1
41.44,43.82,271.24,81.3,0
18.06,24.48,294.0,96.81,0
39.56,45.04,291.15,93.86,0
54.84,54.06,292.63,93.89,0
76.69,63.46,501.57,262.82,1
77.83,72.83,535.42,292.77,1
37.88,37.51,52.88,29.67,0
24.27,21.87,168.58,55.23,0
56.34,53.68,145.06,22.24,0
15.03,45.92,71.01,28.42,0
84.84,74.76,508.29,299.98,1
59.71,26.02,231.55,48.33,0
84.75,81.2,482.92,162.51,1
29.51,48.54,114.66,82.19,0
33.29,34.18,61.01,91.46,0
19.74,31.36,273.44,73.73,0
28.33,35.1,76.75,94.14,0
57.24,46.35,210.29,30.45,0
58.66,57.05,225.5,39.06,0
31.11,29.95,116.21,67.0,0
34.92,32.5,66.19,15.99,0
15.62,25.69,295.31,45.22,0
55.4,36.27,185.65,25.63,0
41.56,51.57,105.5,60.44,0
37.6,44.56,270.08,26.68,0
36.37,59.62,238.22,52.84,0
33.37,44.93,65.85,40.49,0
55.63,43.46,239.17,76.61,0
51.55,43.99,253.72,99.88,0
85.72,62.7,392.67,329.93,1
77.52,84.53,358.76,213.63,1
15.19,33.3,257.51,16.86,0
59.85,31.14,125.52,27.29,0
15.35,32.72,57.89,31.43,0
11.55,42.69,150.52,20.37,0
36.63,56.46,236.88,80.65,0
24.23,41.53,238.25,68.59,0
62.6,49.18,266.57,54.25,0
15.33,23.18,117.72,58.94,0
97.45,96.79,33.01,859.56,1
62.1,41.84,204.12,60.76,0
23.69,59.01,148.96,67.58,0
61.17,35.25,128.09,90.86,0
28.72,30.45,128.39,71.09,0
43.75,48.9,219.88,19.98,0
36.28,34.45,224.25,47.43,0
29.32,22.82,69.65,73.04,0
55.79,41.51,242.82,83.64,0
27.29,36.43,227.34,25.69,0
24.29,34.9,63.95,56.27,0
42.68,46.05,125.28,26.55,0
41.92,27.16,123.33,46.99,0
57.59,51.42,235.14,62.32,0
37.36,22.0,247.29,37.28,0
53.48,32.43,155.9,45.96,0
28.7,55.7,192.8,81.51,0
27.54,28.83,245.31,83.45,0
17.2,54.28,142.38,82.91,0
87.23,81.36,386.87,254.68,1
12.98,35.86,133.5,66.7,0
12.95,47.79,218.82,28.62,0
19.62,31.76,290.82,82.85,0
58.47,47.76,168.49,49.11,0
43.73,35.61,75.91,30.03,0
15.5,34.9,293.1,57.79,0
94.4,90.34,22.47,429.98,1
63.87,20.6,168.65,58.88,0
49.1,59.67,81.96,89.34,0
42.75,57.67,161.02,81.78,0
54.11,37.84,298.55,49.73,0
19.03,52.48,69.03,77.09,0
71.18,73.22,395.76,339.93,1
22.54,33.83,197.19,47.8,0
12.65,42.16,293.43,69.02,0
24.56,40.56,127.44,25.49,0
51.31,40.14,269.66,45.77,0
62.25,21.89,218.96,51.49,0
30.21,46.09,134.63,27.38,0
58.4,24.46,286.12,28.1,0
34.61,50.79,203.69,77.6,0
96.19,92.42,41.7,442.43,1
52.55,50.57,110.72,39.94,0
50.82,39.57,57.68,88.75,0
30.87,26.79,68.19,55.35,0
46.03,22.43,261.7,66.57,0
23.58,21.67,132.24,69.0,0
43.49,51.71,107.39,76.13,0
17.97,44.97,107.36,87.06,0
70.26,81.45,522.64,346.96,1
38.31,48.61,149.08,55.3,0
59.78,53.7,136.34,29.64,0
60.42,58.22,115.41,51.34,0
21.56,41.4,140.41,20.61,0
21.96,48.18,188.12,16.32,0
51.56,52.02,217.38,35.48,0
18.09,38.26,175.58,71.19,0
86.18,80.1,463.58,256.4,1
38.3,26.2,271.68,73.7,0
64.63,32.58,194.69,26.29,0
25.08,37.98,84.38,47.03,0
14.92,49.16,199.55,78.55,0
23.89,30.71,276.14,85.69,0
42.58,26.51,108.87,63.28,0
63.67,59.41,214.88,57.5,0
54.93,57.75,191.65,98.59,0
38.31,21.98,194.52,93.55,0
16.66,52.65,53.73,34.55,0
70.36,77.29,427.19,258.49,1
60.05,40.32,207.84,72.08,0
54.11,39.23,146.56,15.95,0
26.25,34.91,249.21,39.54,0
75.18,73.83,535.71,312.47,1
14.68,40.41,61.84,56.02,0
51.31,54.25,210.38,31.57,0
57.65,43.55,258.01,82.16,0
20.92,50.92,54.23,86.0,0
20.03,34.8,253.9,95.19,0
95.06,88.75,8.35,409.77,1
33.98,58.9,217.11,50.88,0
10.72,45.89,279.03,40.42,0
14.97,53.63,298.28,34.11,0
54.43,41.67,75.14,67.2,0
83.01,79.31,443.89,280.7,1
52.52,50.41,157.47,61.6,0
17.75,41.37,191.87,67.86,0
43.38,51.4,181.99,60.89,0
38.6,45.41,79.58,59.98,0
45.25,51.26,68.16,17.6,0
33.58,34.52,260.97,63.39,0
70.51,74.87,375.3,385.82,1
58.46,50.56,139.63,87.19,0
41.75,53.24,96.69,16.25,0
94.64,80.12,47.46,848.66,1
17.66,22.91,165.25,43.53,0
62.65,38.42,164.23,75.02,0
17.59,31.87,200.53,81.64,0
47.01,53.39,187.86,38.83,0
42.57,57.6,158.94,30.05,0
61.87,33.37,196.91,53.19,0
58.49,56.54,116.08,77.17,0
17.25,52.93,136.65,39.96,0
55.93,32.76,244.88,25.75,0
17.78,53.78,141.79,85.59,0
10.99,49.37,65.84,48.94,0
89.77,70.25,540.13,264.84,1
17.48,53.9,167.5,30.1,0
40.8,33.12,230.28,81.94,0
14.89,40.81,286.33,84.43,0
47.89,48.68,110.09,26.58,0
31.42,57.36,281.05,82.56,0
36.48,22.36,137.86,62.81,0
62.18,23.66,193.59,97.85,0
56.41,55.44,77.3,84.38,0
20.23,23.23,270.03,78.23,0
54.93,51.76,63.31,63.41,0
11.81,22.84,157.55,41.68,0
62.63,30.26,225.17,98.98,0
37.73,51.41,190.44,42.81,0
54.59,25.63,191.87,54.81,0
41.52,54.61,153.03,26.18,0
62.61,50.64,153.35,77.28,0
97.52,90.29,11.36,637.07,1
54.6,23.31,275.42,76.65,0
24.18,21.82,137.95,62.73,0
22.2,27.33,167.07,40.23,0
97.4,94.57,24.7,662.01,1
75.32,81.78,380.28,282.48,1
25.02,41.83,59.73,51.49,0
40.14,59.59,299.11,90.73,0
81.07,73.68,543.53,229.48,1
60.66,51.91,207.66,87.23,0
17.58,21.9,133.5,52.87,0
25.22,22.0,140.03,67.69,0
30.03,35.88,101.5,30.54,0
42.67,41.63,133.33,80.08,0
37.14,47.99,232.65,71.62,0
58.92,23.99,70.83,23.51,0
61.78,23.79,296.57,16.62,0
26.22,57.7,220.49,19.59,0
19.25,20.95,229.27,46.53,0
54.97,57.29,224.66,22.07,0
10.04,23.31,83.81,52.21,0
53.66,42.64,267.98,20.06,0
32.97,52.5,279.74,21.71,0
21.8,48.78,95.77,89.67,0
95.86,93.73,16.68,716.86,1
11.76,31.3,288.97,56.85,0
48.73,53.78,165.92,61.81,0
85.58,74.75,423.23,157.01,1
51.3,22.63,52.43,48.38,0
95.46,99.4,39.78,406.1,1
41.84,20.12,137.05,94.7,0
79.42,72.66,489.75,340.08,1
39.85,45.07,277.46,96.21,0
92.04,92.31,45.14,879.92,1
51.8,29.75,143.45,63.2,0
29.87,22.83,64.83,96.92,0
41.77,45.77,149.45,51.42,0
88.13,61.47,459.35,329.28,1
12.42,47.82,110.41,55.71,0
47.41,48.67,289.1,71.29,0
25.89,43.24,290.8,46.87,0
10.15,39.63,144.24,87.09,0
28.05,28.72,208.22,85.42,0
21.69,35.18,113.78,91.4,0
15.82,41.49,95.94,20.2,0
62.09,48.1,87.36,82.09,0
57.08,22.79,234.31,17.72,0
59.23,36.87,219.19,45.27,0
52.04,41.64,278.38,58.39,0
18.33,56.11,72.1,48.37,0
17.48,57.1,120.4,72.66,0
99.08,89.13,38.94,898.01,1
64.01,38.05,264.3,88.16,0
42.64,43.74,155.87,29.24,0
62.43,29.61,217.76,90.0,0
58.66,25.66,142.51,59.26,0
35.41,38.53,56.17,65.65,0
34.47,23.63,136.06,28.78,0
40.29,27.24,157.86,96.38,0
53.74,49.02,92.73,44.97,0
87.28,73.06,531.97,330.7,1
41.1,37.35,243.2,57.77,0
30.43,42.01,70.39,65.03,0
51.23,47.61,167.61,74.84,0
40.58,21.78,62.59,99.36,0
23.0,41.4,252.07,66.33,0
40.11,35.02,285.65,58.22,0
59.46,52.15,119.03,96.72,0
12.94,23.84,178.48,29.29,0
18.94,22.16,187.8,67.28,0
44.39,53.55,107.16,71.31,0
23.86,31.1,171.82,38.69,0
17.24,49.97,181.23,24.33,0
62.44,34.4,200.61,31.68,0
16.96,45.09,53.26,18.07,0
12.79,57.48,223.97,33.62,0
49.43,39.92,262.62,25.81,0
75.36,77.95,358.29,344.21,1
15.14,33.42,61.76,36.54,0
47.52,53.0,136.11,82.41,0
55.55,38.28,138.96,91.76,0
39.55,25.28,67.76,16.95,0
42.9,36.63,270.87,73.29,0
35.83,35.12,202.03,88.15,0
51.2,41.24,79.83,81.74,0
56.32,49.67,255.29,20.68,0
18.92,42.7,250.36,32.26,0
36.78,40.04,141.72,62.36,0
56.27,53.66,276.85,54.14,0
59.0,35.33,225.11,94.04,0
38.17,35.75,140.42,40.77,0
51.97,30.19,214.01,52.48,0
63.88,47.39,201.16,31.03,0
32.93,20.34,211.81,47.04,0
17.12,26.76,83.67,89.98,0
26.25,25.87,104.11,49.93,0
55.58,33.74,213.64,74.11,0
18.32,47.17,262.54,69.08,0
94.41,89.86,49.38,875.19,1
50.69,57.21,86.88,35.41,0
55.14,23.39,200.2,73.03,0
21.06,33.55,109.86,26.39,0
99.87,98.94,48.83,493.33,1
13.17,41.27,106.23,37.16,0
54.84,52.36,110.22,21.69,0
56.66,41.16,151.42,46.78,0
30.34,38.68,231.94,92.87,0
24.77,33.23,163.38,64.88,0
87.54,66.71,504.42,375.37,1
62.08,34.42,109.98,46.51,0
57.15,35.72,282.8,65.55,0
62.93,22.54,102.16,38.83,0
28.88,34.8,183.87,92.2,0
60.89,57.47,279.27,41.04,0
28.79,50.42,198.99,42.46,0
82.67,69.93,518.85,195.43,1
75.27,71.33,546.17,184.18,1
49.46,59.49,116.42,47.71,0
76.29,84.94,540.73,312.67,1
23.63,55.89,285.24,84.41,0
27.42,32.36,229.6,19.75,0
22.1,50.81,106.5,96.69,0
10.99,41.37,221.56,25.37,0
88.08,82.99,378.42,180.06,1
40.19,23.7,283.13,38.87,0
29.95,58.78,119.84,91.18,0
59.82,51.9,114.94,86.75,0
47.33,21.94,174.31,69.64,0
45.65,52.63,56.33,59.97,0
58.14,52.81,105.64,52.8,0
41.75,36.01,130.98,31.01,0
16.13,56.44,211.43,18.96,0
48.51,52.61,253.42,94.26,0
61.02,34.7,212.27,70.95,0
11.39,26.08,264.08,30.15,0
27.01,32.79,215.64,95.36,0
11.46,32.04,291.91,73.85,0
60.52,50.52,182.27,68.34,0
64.64,56.34,99.61,31.84,0
29.31,26.17,243.89,29.96,0
43.05,27.46,231.56,87.76,0
28.92,48.77,291.59,44.94,0
84.5,65.33,396.93,192.24,1
52.4,37.71,224.83,31.16,0
43.44,20.06,140.9,55.26,0
59.19,53.26,245.46,34.17,0
33.48,40.29,293.0,54.91,0
12.69,59.04,61.39,30.93,0
53.34,24.83,176.42,28.46,0
78.38,62.47,448.28,188.99,1
45.46,58.09,295.12,33.89,0
96.13,92.64,13.23,444.82,1
84.66,81.05,436.95,326.86,1
57.27,51.17,169.62,42.57,0
17.21,28.39,292.47,33.42,0
18.4,58.09,279.91,58.21,0
51.49,31.68,299.28,44.42,0
98.3,91.32,37.28,732.5,1
57.31,27.15,289.59,49.43,0
55.16,44.72,298.26,32.94,0
59.51,29.69,274.27,82.18,0
53.93,22.67,211.94,60.18,0
47.6,39.67,76.14,35.09,0
27.34,54.27,287.44,80.63,0
27.82,20.54,215.0,33.68,0
32.07,22.29,246.14,71.44,0
55.55,38.94,141.34,20.38,0
53.49,21.8,129.61,63.34,0
61.52,46.39,142.07,51.39,0
13.96,42.65,279.58,44.09,0
10.93,57.33,72.83,76.28,0
21.63,32.84,186.78,45.41,0
36.24,20.02,84.27,36.56,0
18.71,20.6,205.69,70.42,0
50.09,23.59,126.87,94.97,0
51.35,37.2,286.66,49.3,0
45.6,36.24,191.6,59.47,0
19.07,39.62,170.97,21.79,0
52.38,25.27,213.01,72.37,0
62.75,47.82,290.96,60.46,0
39.96,34.1,260.17,94.56,0
85.07,82.5,489.66,227.19,1
15.04,50.8,132.2,31.01,0
96.07,95.71,33.66,490.84,1
12.51,24.84,67.31,86.58,0
36.75,35.13,298.3,62.86,0
60.69,39.2,227.74,15.1,0
40.87,35.83,127.3,71.56,0
32.05,42.9,198.27,93.49,0
71.96,80.41,427.13,236.89,1
11.86,54.32,58.26,49.57,0
48.45,38.81,59.41,77.82,0
94.78,92.33,48.33,620.69,1
44.92,46.0,84.34,74.16,0
21.32,47.79,198.39,76.12,0
29.24,26.46,90.28,50.15,0
26.48,59.5,263.33,67.2,0
83.66,73.99,463.98,233.85,1
60.74,36.56,158.66,40.38,0
24.39,56.05,280.84,78.35,0
24.16,22.92,274.17,67.02,0
61.04,43.56,238.25,35.61,0
57.17,31.03,162.72,34.25,0
89.3,66.59,455.16,319.01,1
40.87,25.84,61.94,42.9,0
43.3,39.08,283.79,99.01,0
39.32,50.82,180.6,87.94,0
23.7,24.14,51.99,91.01,0
17.1,47.65,78.79,55.69,0
27.98,55.97,179.64,31.38,0
53.14,34.82,168.15,64.78,0
72.76,66.11,358.58,219.53,1
26.74,57.16,87.1,66.93,0
55.26,25.66,234.32,45.24,0
16.31,49.35,165.37,87.97,0
81.63,74.87,388.06,295.59,1
56.18,58.55,188.84,51.57,0
60.75,44.38,286.1,37.19,0
26.41,30.37,131.81,47.97,0
22.26,41.68,142.75,90.23,0
20.1,53.15,89.39,72.01,0
57.19,27.8,164.38,30.56,0
46.08,20.75,108.0,53.31,0
37.74,47.73,250.25,48.68,0
55.72,21.31,247.87,99.03,0
49.09,55.89,192.27,38.85,0
62.76,26.12,251.18,22.62,0
36.8,55.57,66.1,37.4,0
91.63,96.83,7.63,514.19,1
55.91,57.89,90.84,84.28,0
25.42,35.63,95.29,78.89,0
51.46,50.35,99.74,26.35,0
95.48,84.68,11.13,467.22,1
64.53,28.62,269.45,34.53,0
23.95,38.74,66.93,73.84,0
33.53,38.25,283.2,15.91,0
73.12,71.96,471.99,337.73,1
59.43,22.27,119.5,46.47,0
61.79,26.92,107.71,64.45,0
54.88,26.83,57.26,38.02,0
87.43,61.17,458.04,264.61,1
87.59,80.24,509.43,379.32,1
34.98,26.52,90.85,82.75,0
58.46,22.34,253.58,76.39,0
75.7,82.08,442.51,344.05,1
60.45,45.69,222.75,42.29,0
15.82,51.47,200.18,88.29,0
71.1,68.99,458.32,284.21,1
73.39,76.94,475.78,234.87,1
71.41,63.89,469.76,350.67,1
47.85,35.41,239.56,38.95,0
37.89,49.58,286.79,56.26,0
34.83,50.78,69.08,30.84,0
14.73,21.89,182.73,97.11,0
48.33,59.3,188.2,83.62,0
12.75,56.65,294.0,21.28,0
88.98,72.12,488.72,349.48,1
83.16,68.81,467.55,304.86,1
29.52,43.93,233.8,91.28,0
15.61,27.02,276.33,95.35,0
23.74,42.3,95.45,16.82,0
73.29,62.82,385.23,319.78,1
24.34,55.16,145.63,96.44,0
86.28,60.04,457.92,198.88,1
91.53,88.86,45.72,409.26,1
38.52,40.34,195.03,43.1,0
11.14,26.65,265.05,67.18,0
37.91,33.97,203.02,89.37,0
47.5,39.87,205.98,91.82,0
44.91,28.37,286.91,65.81,0
22.82,27.4,280.32,55.3,0
18.8,34.35,88.4,50.56,0
77.68,62.09,511.9,183.46,1
41.5,57.1,87.73,39.3,0
60.82,58.2,242.15,33.56,0
27.48,50.3,225.28,49.19,0
35.48,48.81,88.54,49.73,0
49.75,46.56,288.49,18.63,0
28.44,30.37,178.59,69.94,0
15.34,28.19,76.74,70.65,0
12.22,30.9,183.61,87.33,0
18.64,52.76,70.93,87.29,0
55.59,51.28,143.03,40.17,0
58.59,48.45,184.58,88.93,0
39.47,59.66,124.49,15.72,0
16.04,33.07,189.07,19.97,0
26.81,25.34,259.21,15.08,0
19.77,57.12,278.89,57.32,0
36.42,53.28,180.2,80.95,0
95.65,85.64,44.16,774.47,1
16.53,37.41,82.33,40.18,0
43.58,48.59,159.03,27.31,0
20.07,32.23,65.99,39.17,0
39.25,51.83,78.19,77.28,0
90.17,74.21,522.37,366.46,1
57.45,37.86,256.35,49.53,0
63.72,31.11,222.66,23.21,0
48.41,24.44,187.39,19.85,0
79.29,60.52,487.64,192.02,1
10.3,57.45,237.0,60.84,0
31.78,54.92,50.96,68.7,0
19.87,29.77,182.37,34.97,0
61.44,42.13,90.46,50.52,0
19.4,51.13,241.83,20.31,0
39.37,37.29,255.66,79.28,0
88.87,64.43,461.16,372.38,1
81.04,82.32,484.63,370.69,1
54.8,36.3,236.75,57.98,0
58.58,58.54,278.26,78.75,0
19.74,38.2,111.96,61.93,0
89.3,99.46,13.54,731.91,1
21.06,29.02,202.19,23.43,0
37.95,58.83,137.33,30.88,0
50.06,22.53,169.22,75.2,0
61.75,20.79,288.17,55.99,0
45.79,36.9,207.29,46.47,0
10.35,55.95,184.56,23.54,0
24.65,50.81,205.29,54.7,0
32.54,38.43,175.79,24.41,0
93.03,97.06,33.95,670.51,1
46.34,27.13,218.89,99.21,0
18.29,35.63,142.16,96.03,0
31.15,26.83,267.47,63.85,0
27.8,28.17,204.19,65.42,0
73.58,68.15,470.47,317.79,1
10.5,37.77,124.47,26.6,0
70.49,66.7,445.04,341.21,1
42.46,59.88,65.73,52.22,0
36.64,42.5,188.31,65.6,0
47.38,30.2,137.99,67.51,0
32.31,23.01,177.26,83.23,0
56.58,24.5,165.51,39.56,0
61.9,33.73,149.67,64.43,0
15.87,35.23,244.1,60.36,0
27.38,51.69,91.67,69.4,0
58.17,33.07,92.73,86.03,0
89.97,82.79,25.64,598.35,1
43.1,22.45,259.97,30.23,0
23.9,40.8,242.54,15.05,0
82.61,64.75,483.15,160.29,1
46.67,41.63,109.24,65.58,0
55.84,49.74,76.5,44.55,0
90.84,82.99,48.21,794.15,1
71.04,65.32,485.93,330.05,1
32.18,43.69,267.36,65.7,0
10.95,58.73,139.36,39.89,0
52.2,27.66,159.57,61.02,0
64.48,37.28,192.37,57.73,0
49.66,20.78,79.58,55.13,0
45.35,21.4,78.25,78.76,0
58.87,24.92,107.73,93.11,0
63.29,25.26,198.83,18.68,0
46.59,58.19,189.66,93.98,0
30.58,32.04,59.65,27.05,0
16.43,56.41,202.82,52.08,0
27.35,37.02,94.57,94.81,0
43.49,33.27,103.86,68.99,0
34.18,21.18,174.73,55.83,0
39.77,47.39,131.42,65.77,0
27.94,23.86,256.02,34.7,0
10.34,53.22,292.36,39.43,0
22.0,26.65,257.22,91.46,0
50.76,35.78,214.6,95.45,0
71.5,77.93,444.46,380.78,1
44.83,38.53,89.26,80.65,0
40.01,29.86,136.63,42.28,0
40.48,26.84,196.11,40.95,0
29.05,48.51,128.16,49.52,0
91.93,87.36,8.78,433.28,1
12.87,54.07,61.79,41.22,0
34.65,32.29,167.9,80.0,0
29.61,25.65,159.59,59.96,0
50.27,24.49,247.37,54.21,0
26.52,52.23,192.77,31.95,0
59.57,28.13,133.34,56.51,0
22.22,24.99,104.44,22.07,0
47.86,29.59,211.08,93.07,0
93.13,80.75,26.35,667.47,1
60.25,22.73,248.6,55.79,0
10.53,53.09,158.7,41.86,0
19.98,37.81,126.43,42.77,0
60.96,49.16,170.66,83.49,0
15.58,42.58,76.84,51.11,0
26.09,54.77,174.14,77.49,0
30.84,26.5,252.27,65.05,0
27.07,28.4,149.01,64.95,0
58.88,45.16,157.5,97.59,0
43.53,43.0,247.57,73.61,0
39.27,42.16,169.92,64.08,0
22.87,57.24,227.22,28.92,0
39.72,36.38,180.52,91.89,0
26.21,31.08,284.47,81.0,0
51.31,56.04,217.5,76.56,0
34.09,42.44,269.21,85.03,0
77.23,77.75,419.71,279.97,1
86.32,81.06,360.27,185.86,1
42.11,49.25,202.3,91.26,0
56.12,52.8,124.81,60.94,0
59.9,38.07,70.49,16.22,0
41.93,31.97,291.37,93.66,0
53.44,51.79,101.53,57.19,0
81.51,69.78,454.67,170.75,1
45.1,28.4,175.69,78.92,0
16.27,23.28,111.44,98.82,0
39.63,31.0,279.11,64.0,0
70.5,79.87,481.34,366.62,1
41.51,53.84,258.35,52.85,0
30.37,25.91,265.36,93.59,0
22.16,51.57,72.36,85.47,0
37.75,50.03,238.64,54.5,0
52.28,46.76,98.79,72.23,0
50.94,24.87,110.28,64.68,0
62.72,41.31,263.21,98.7,0
45.55,32.61,80.32,76.5,0
13.25,41.24,256.59,82.8,0
85.78,61.07,415.55,369.83,1
49.3,28.26,67.42,44.18,0
53.29,39.85,144.78,49.17,0
71.74,77.26,451.93,299.9,1
21.49,29.68,204.67,74.87,0
39.95,59.02,294.14,86.53,0
30.17,58.23,162.59,35.94,0
57.34,52.82,109.85,56.42,0
29.07,55.09,75.32,39.67,0
47.34,21.7,83.51,58.18,0
36.74,38.28,263.82,61.3,0
52.11,35.13,51.17,92.7,0
38.67,35.11,113.72,20.84,0
32.67,21.4,76.21,99.93,0
62.18,45.38,101.18,60.51,0
60.55,36.38,116.4,97.9,0
88.45,93.39,29.61,467.68,1
88.1,82.85,23.89,611.11,1
81.2,62.56,476.75,319.11,1
39.09,43.16,197.99,82.51,0
82.66,74.38,358.98,273.82,1
51.59,56.7,265.07,68.27,0
10.2,26.95,176.41,79.9,0
43.75,38.17,117.41,42.19,0
89.34,94.14,42.4,783.46,1
59.1,25.43,172.74,53.55,0
70.47,84.2,511.21,389.96,1
97.47,95.15,42.76,810.38,1
52.11,21.4,126.27,32.7,0
38.75,22.6,173.35,61.61,0
51.11,58.47,105.61,34.89,0
51.85,37.98,257.35,23.01,0
43.28,44.91,78.18,95.88,0
55.42,54.93,292.33,30.83,0
17.33,30.58,91.71,18.36,0
46.04,26.82,267.47,91.03,0
49.83,34.24,165.46,15.62,0
13.65,22.26,222.54,73.6,0
24.97,42.6,89.89,46.55,0
56.21,45.73,64.87,56.03,0
15.43,45.37,86.11,78.81,0
35.61,43.5,233.84,55.35,0
64.06,54.62,193.58,32.4,0
14.3,39.84,124.64,27.25,0
24.58,55.6,211.42,33.19,0
15.93,53.14,62.9,31.36,0
33.74,47.5,103.78,55.37,0
31.96,47.78,92.46,94.41,0
11.93,43.78,244.86,35.1,0
79.11,63.39,464.25,199.15,1
95.0,80.2,25.92,702.46,1
15.27,29.74,133.38,82.83,0
88.31,89.23,32.69,444.74,1
11.9,38.06,90.06,24.28,0
30.94,21.65,177.33,90.19,0
37.26,27.43,56.24,85.01,0
60.71,50.94,235.87,82.35,0
89.33,83.34,41.35,882.21,1
10.35,30.27,111.22,19.57,0
97.9,95.19,18.19,793.26,1
74.04,63.61,479.59,153.85,1
21.81,43.51,238.83,27.06,0
61.51,49.22,195.84,40.93,0
53.88,38.98,95.07,67.45,0
20.04,45.66,138.28,23.02,0
80.35,61.97,443.12,354.59,1
11.33,58.83,83.48,95.58,0
29.75,41.6,77.99,18.15,0
41.62,24.42,288.77,60.65,0
72.0,80.14,458.1,251.15,1
25.7,44.27,183.97,50.16,0
33.54,55.15,295.17,72.33,0
35.5,59.97,276.96,57.52,0
35.09,20.95,237.3,52.26,0
63.7,59.07,77.38,17.76,0
56.55,25.23,159.3,18.71,0
50.53,50.56,283.32,80.33,0
74.44,75.2,496.07,181.96,1
27.93,29.22,185.08,58.34,0
61.95,21.56,89.43,34.04,0
92.92,85.49,13.44,757.21,1
13.63,26.66,235.87,56.79,0
73.26,60.36,530.53,150.37,1
21.98,22.44,54.54,59.11,0
26.04,48.57,150.83,35.34,0
10.27,40.65,192.93,81.14,0
89.46,82.38,40.92,411.57,1
98.2,87.69,38.88,713.89,1
17.64,39.78,283.45,78.08,0
39.26,50.93,231.69,77.9,0
31.35,41.67,233.26,40.52,0
99.41,98.86,44.0,673.81,1
24.19,29.8,62.67,93.32,0
63.48,40.6,221.07,36.17,0
15.32,53.4,288.27,22.01,0
58.53,32.73,215.54,62.2,0
24.25,40.05,239.81,96.84,0
63.5,27.56,114.94,87.07,0
29.97,32.96,109.79,50.09,0
27.69,57.74,201.8,36.28,0
48.72,54.53,157.99,27.6,0
13.22,25.52,270.31,76.29,0
48.85,41.56,72.9,58.09,0
84.36,72.83,469.29,341.76,1
89.79,97.81,11.33,665.44,1
13.85,30.48,131.19,26.56,0
60.2,45.49,98.16,41.48,0
90.67,99.91,5.78,547.33,1
15.21,50.86,287.6,61.89,0
40.19,47.46,284.57,68.41,0
63.6,33.84,54.47,71.57,0
72.52,60.79,442.93,193.22,1
33.46,20.94,71.31,62.73,0
35.21,21.18,230.85,78.38,0
64.1,25.09,233.75,93.64,0
29.3,25.0,213.72,37.48,0
30.58,39.91,157.35,78.87,0
54.82,55.65,278.36,79.08,0
49.9,58.83,126.37,30.1,0
34.19,59.5,263.03,40.49,0
11.38,44.88,133.22,15.58,0
50.89,45.04,101.24,77.21,0
18.19,29.4,189.58,50.86,0
32.54,26.76,285.05,79.33,0
16.94,38.35,288.18,48.51,0
94.11,96.95,36.66,593.71,1
48.43,36.01,88.16,26.05,0
99.48,92.43,24.89,898.89,1
79.72,81.41,403.91,305.89,1
55.64,46.5,194.55,69.32,0
12.01,59.0,77.21,58.37,0
36.59,32.05,86.39,35.0,0
87.86,67.69,411.45,254.82,1
30.81,26.09,77.62,22.38,0
33.81,30.11,234.56,45.28,0
41.62,26.88,292.47,71.09,0
25.57,52.73,241.6,23.59,0
37.12,27.82,187.61,60.15,0
10.14,46.75,108.38,34.15,0
53.39,40.02,266.0,83.53,0
39.05,31.09,250.34,60.63,0
92.86,97.32,5.82,823.37,1
64.61,27.27,90.25,89.64,0
46.11,31.16,250.54,30.85,0
72.61,70.04,412.19,335.99,1
10.23,57.84,174.17,23.54,0
57.98,35.4,296.86,32.22,0
48.44,24.2,161.68,85.39,0
60.18,21.98,72.37,38.46,0
74.62,82.97,444.97,179.19,1
47.94,49.9,197.42,54.66,0
32.82,51.23,76.24,68.58,0
61.0,50.42,284.98,73.12,0
51.32,22.04,176.83,23.37,0
56.5,45.45,255.37,42.94,0
10.52,24.82,101.51,52.19,0
39.16,48.25,55.66,93.42,0
47.18,53.48,180.65,15.29,0
35.74,50.42,228.76,54.78,0
72.33,60.69,488.05,177.77,1
63.68,26.19,273.44,72.53,0
82.94,84.7,400.26,272.6,1
20.89,33.55,106.67,53.03,0
57.48,55.99,51.74,82.85,0
47.06,48.65,141.58,44.91,0
81.01,60.37,480.27,317.28,1
53.91,25.4,269.08,96.94,0
55.33,35.63,59.51,99.43,0
51.99,42.06,261.73,37.06,0
11.1,52.03,220.56,45.3,0
47.96,29.84,262.43,92.72,0
51.17,55.1,85.51,42.36,0
56.13,55.79,255.86,48.01,0
61.03,28.7,140.99,98.23,0
95.79,95.34,45.18,478.27,1
48.65,47.79,205.0,88.58,0
25.87,54.21,175.85,33.73,0
60.21,49.54,200.17,83.81,0
27.4,29.15,86.84,46.31,0
36.19,34.59,251.89,61.75,0
25.99,48.52,111.27,71.76,0
88.98,65.82,459.99,173.37,1
55.11,55.22,119.03,57.39,0
64.65,39.62,255.07,64.74,0
62.75,32.8,111.7,43.64,0
60.29,24.45,186.5,21.49,0
37.1,52.29,83.5,65.34,0
37.38,23.94,140.57,28.15,0
84.07,79.06,512.42,265.46,1
31.08,26.14,246.69,51.99,0
64.49,50.87,155.71,54.32,0
29.7,37.66,56.83,32.3,0
35.51,34.47,251.38,79.15,0
64.72,50.11,170.29,76.43,0
36.77,32.28,107.07,16.36,0
34.33,52.85,260.13,57.78,0
35.25,27.24,62.45,62.82,0
52.38,35.78,182.02,98.41,0
74.09,72.9,410.05,161.42,1
23.79,20.41,213.18,47.07,0
36.3,22.7,258.71,32.55,0
49.96,58.68,150.22,50.49,0
43.21,28.72,182.25,76.37,0
43.41,36.26,217.96,17.57,0
60.52,40.93,148.35,72.75,0
48.17,51.21,244.36,37.08,0
11.4,40.99,258.56,80.62,0
41.77,49.69,289.25,42.83,0
79.44,66.43,351.77,197.96,1
27.69,38.01,234.19,57.52,0
81.0,68.48,400.94,259.08,1
48.75,21.1,257.79,59.79,0
19.95,28.4,150.61,86.17,0
21.34,22.39,94.02,95.21,0
15.68,50.46,258.98,85.56,0
36.96,44.27,292.18,24.06,0
52.87,26.3,270.76,46.62,0
56.04,36.17,188.36,17.75,0
15.7,36.99,194.65,32.62,0
73.94,60.74,386.04,253.3,1
94.82,90.99,9.3,889.65,1
47.32,30.75,257.21,20.15,0
57.76,38.02,270.88,79.56,0
87.74,62.01,534.77,261.41,1
58.85,47.41,285.34,39.75,0
20.16,53.41,95.88,92.93,0
22.31,24.53,252.08,28.59,0
34.4,59.16,278.97,15.45,0
40.96,49.66,239.06,42.63,0
58.45,44.63,203.19,98.86,0
48.44,28.76,201.18,25.81,0
64.52,39.73,185.23,22.4,0
72.59,69.69,419.61,161.94,1
94.76,88.58,10.64,615.22,1
31.73,33.25,92.91,88.36,0
26.7,59.09,197.03,37.51,0
42.25,20.94,230.7,57.98,0
26.57,20.11,237.05,99.47,0
56.56,20.87,61.15,15.87,0
15.68,58.39,261.11,65.58,0
52.44,56.16,244.16,95.28,0
75.24,60.81,401.81,293.11,1
22.38,55.95,137.12,31.36,0
10.36,26.71,139.38,18.46,0
59.82,52.21,136.01,97.74,0
58.66,29.05,134.41,42.93,0
59.36,29.04,151.21,57.86,0
40.81,47.81,102.04,31.46,0
20.6,26.49,262.45,48.5,0
33.47,20.29,184.35,44.48,0
39.61,45.8,80.61,85.69,0
51.4,23.62,269.93,19.89,0
51.32,35.71,276.92,67.0,0
62.33,24.72,110.68,57.2,0
36.46,32.36,142.92,28.6,0
78.45,74.88,523.39,310.23,1
59.59,33.68,296.5,23.31,0
31.75,23.04,107.27,55.94,0
32.04,57.77,263.74,38.3,0
46.73,40.35,279.45,36.41,0
59.81,48.05,272.59,51.19,0
52.15,21.06,192.77,28.46,0
39.32,30.74,268.64,37.99,0
48.78,22.51,222.77,88.11,0
27.48,30.84,229.95,26.86,0
15.78,29.51,260.33,58.98,0
60.45,38.44,84.91,54.62,0
92.49,94.82,43.7,476.66,1
39.99,48.33,113.59,82.82,0
61.25,51.65,197.68,77.56,0
91.63,90.85,27.17,615.71,1
55.62,27.93,102.24,34.93,0
42.43,42.33,138.57,45.43,0
13.14,33.61,229.1,71.57,0
91.3,97.67,20.01,651.73,1
50.44,41.22,257.39,61.03,0
91.85,88.74,40.72,467.49,1
10.99,40.32,149.47,25.65,0
19.26,32.21,104.18,81.31,0
86.22,62.0,467.12,192.19,1
20.1,34.01,238.75,60.33,0
53.77,57.35,151.43,79.34,0
93.37,91.05,13.49,780.24,1
84.21,62.27,539.15,348.23,1
25.04,31.5,193.35,65.49,0
43.3,46.2,148.6,85.68,0
17.39,35.94,115.57,85.64,0
56.15,58.51,140.33,31.51,0
55.98,45.88,54.69,34.69,0
50.55,23.38,104.9,46.51,0
44.06,25.38,124.47,54.41,0
42.55,35.29,51.45,18.98,0
99.18,82.87,26.86,418.64,1
32.01,56.94,237.09,85.63,0
63.66,54.81,147.73,33.56,0
61.67,20.41,193.11,34.4,0
24.93,23.61,256.54,71.02,0
84.81,65.14,523.47,199.56,1
10.68,57.47,204.3,39.06,0
33.94,25.49,100.01,23.43,0
59.5,31.51,278.85,31.71,0
35.84,55.79,180.84,55.51,0
60.52,21.27,264.66,32.72,0
26.08,44.95,61.25,38.58,0
13.82,33.11,135.05,58.49,0
64.89,53.44,173.6,67.32,0
26.49,27.31,270.55,39.4,0
26.92,50.86,69.44,57.18,0
28.99,51.24,249.03,57.58,0
24.05,42.81,299.36,29.07,0
87.0,69.24,395.08,360.52,1
40.77,21.66,222.05,29.7,0
50.37,30.65,213.21,98.24,0
28.64,40.03,134.3,90.28,0
61.9,26.98,147.7,38.67,0
42.45,20.64,249.52,64.43,0
39.35,30.47,156.84,40.9,0
44.93,49.48,123.4,53.73,0
94.27,85.52,25.57,598.09,1
39.82,38.05,212.96,87.77,0
75.64,70.35,443.47,319.86,1
22.86,42.14,252.28,97.0,0
46.25,55.29,71.78,46.69,0
43.49,21.34,64.95,53.49,0
73.67,81.08,352.22,279.26,1
48.36,45.99,259.41,47.73,0
22.99,36.48,270.58,17.83,0
75.01,66.2,403.4,256.2,1
21.62,35.85,211.15,71.6,0
32.25,48.03,271.92,25.22,0
74.03,64.59,432.06,364.41,1
84.13,79.4,472.86,342.77,1
45.59,37.24,104.51,79.59,0
54.46,21.87,167.68,32.45,0
26.76,52.53,224.09,73.96,0
81.08,72.04,429.96,335.47,1
64.68,32.91,55.48,72.01,0
17.59,53.14,223.62,19.99,0
40.86,50.6,241.21,61.33,0
49.78,21.19,147.69,30.88,0
13.84,50.52,194.47,96.78,0
70.33,64.79,511.92,295.34,1
37.99,44.63,218.23,63.17,0
18.79,24.8,88.48,74.71,0
97.23,95.45,15.5,445.22,1
60.71,41.36,255.59,41.18,0
32.29,31.68,57.55,76.03,0
47.78,46.59,293.12,22.4,0
62.67,32.1,297.39,66.13,0
25.53,51.0,202.62,50.58,0
30.92,27.19,204.23,84.66,0
10.11,30.34,201.81,28.8,0
90.78,98.25,38.41,538.97,1
54.64,47.89,245.7,73.97,0
14.14,48.99,77.91,55.08,0
70.12,75.85,540.77,217.77,1
16.26,55.32,181.93,88.41,0
60.66,24.12,212.62,36.47,0
60.66,46.33,275.31,70.59,0
10.08,57.58,243.68,24.73,0
42.95,26.24,207.7,18.62,0
74.48,72.83,457.88,279.4,1
91.14,61.64,381.87,187.56,1
62.02,42.01,212.82,80.48,0
56.33,33.05,286.63,71.14,0
18.1,40.31,194.86,43.8,0
45.29,38.68,118.9,21.4,0
33.26,43.69,78.08,65.99,0
88.89,64.29,444.45,247.98,1
11.82,25.34,54.19,68.12,0
44.96,52.18,298.57,50.81,0
58.53,31.22,104.59,83.26,0
45.8,45.68,133.5,59.36,0
36.65,20.23,94.66,77.54,0
46.41,46.31,124.56,70.9,0
32.43,20.74,72.51,93.71,0
93.5,84.97,13.22,854.74,1
32.28,52.65,226.05,36.24,0
51.86,20.03,279.57,39.96,0
17.31,50.59,222.43,18.57,0
48.41,37.0,175.31,21.73,0
34.18,34.69,285.41,72.77,0
98.48,96.54,17.24,838.59,1
18.08,34.09,229.21,53.4,0
38.48,31.06,228.08,49.94,0
99.53,84.62,6.73,601.62,1
52.65,58.81,151.94,64.75,0
41.98,42.68,171.15,92.47,0
89.91,63.37,360.1,214.14,1
31.28,26.63,152.68,67.69,0
32.93,22.91,163.43,94.17,0
19.73,55.7,144.24,98.75,0
90.86,76.43,380.86,378.7,1
62.32,41.93,103.83,78.88,0
57.58,35.99,178.69,75.36,0
20.3,56.65,158.46,40.59,0
38.89,21.95,286.88,83.64,0
87.89,62.39,390.03,281.97,1
52.04,23.39,297.76,49.21,0
59.32,31.58,62.42,98.21,0
61.15,25.87,204.23,78.49,0
53.58,49.65,215.33,87.5,0
86.08,74.1,393.55,179.55,1
54.63,39.83,88.08,69.02,0
17.28,43.66,185.04,69.78,0
31.11,26.39,246.48,94.88,0
59.97,33.18,292.41,70.16,0
20.05,33.47,108.03,63.47,0
33.46,44.35,250.1,67.9,0
59.82,36.03,278.84,63.31,0
97.32,98.42,49.05,416.98,1
92.44,90.68,44.57,442.59,1
23.53,57.41,162.14,49.72,0
38.94,42.87,294.54,28.0,0
60.34,45.68,242.81,87.21,0
23.63,57.58,172.69,25.24,0
22.4,22.9,98.54,71.14,0
32.26,20.51,174.05,57.15,0
14.03,59.62,137.4,34.19,0
41.66,46.53,291.5,27.46,0
44.21,53.43,199.41,21.03,0
36.64,28.4,60.08,40.35,0
26.17,59.85,118.77,53.13,0
10.0,30.84,157.81,52.73,0
92.99,82.57,15.15,893.22,1
89.47,77.3,444.09,230.34,1
43.46,51.46,207.47,98.08,0
56.93,59.0,72.46,74.08,0
90.0,90.76,20.62,533.99,1
63.44,21.48,253.49,62.46,0
10.08,33.85,235.5,76.96,0
27.65,53.41,115.14,76.06,0
46.8,29.96,216.6,93.36,0
37.05,38.91,62.64,15.96,0
55.59,20.5,127.87,90.89,0
25.2,20.73,240.28,66.36,0
40.03,27.13,251.07,17.05,0
31.04,50.76,241.8,77.77,0
38.26,56.61,186.0,48.94,0
83.82,77.33,354.21,261.2,1
18.34,32.87,202.02,43.73,0
92.59,93.84,36.92,503.32,1
23.02,48.83,83.04,19.72,0
64.2,32.0,262.5,57.77,0
12.94,50.74,158.0,18.62,0
43.28,39.32,292.21,65.71,0
47.37,24.7,224.82,22.88,0
55.23,45.17,294.77,88.58,0
20.98,54.25,86.31,48.13,0
28.44,31.03,134.63,19.0,0
31.96,27.46,79.83,65.49,0
26.24,38.19,220.94,98.96,0
27.24,44.02,167.6,15.6,0
25.0,48.45,124.07,76.74,0
88.68,90.64,45.13,786.29,1
89.7,62.0,500.14,222.32,1
55.26,42.89,232.3,64.01,0
53.6,52.16,299.45,26.24,0
23.65,48.12,194.05,93.44,0
63.69,25.51,146.09,77.89,0
17.14,39.45,188.88,53.12,0
31.35,36.05,132.66,84.07,0
12.28,35.83,158.49,15.71,0
50.2,55.48,71.93,68.83,0
10.44,41.8,80.17,88.06,0
42.58,59.54,64.68,77.97,0
17.87,25.41,202.08,43.81,0
52.21,38.4,142.76,54.74,0
22.72,24.48,212.32,30.87,0
12.72,48.66,157.6,26.31,0
92.19,96.29,27.18,547.64,1
54.62,59.26,197.63,26.65,0
51.09,58.51,120.38,39.25,0
38.26,24.97,54.07,62.69,0
42.74,33.91,137.6,32.97,0
88.6,79.05,429.63,251.54,1
83.14,77.15,379.88,273.33,1
27.32,36.3,53.02,97.41,0
54.6,53.61,127.4,50.96,0
26.3,54.55,88.57,50.84,0
70.35,64.92,509.96,165.72,1
11.49,34.98,99.76,15.37,0
47.37,45.39,72.54,57.25,0
33.28,33.87,160.01,20.26,0
24.06,23.0,111.32,42.74,0
24.59,48.39,292.16,77.21,0
15.34,52.47,223.6,98.94,0
12.99,48.91,80.78,94.35,0
45.36,40.99,193.89,48.82,0
99.24,96.95,23.21,507.4,1
58.68,42.15,98.7,42.39,0
24.51,46.82,165.0,61.49,0
47.77,21.97,96.43,35.65,0
36.3,38.96,232.76,61.08,0
10.33,45.7,190.92,28.94,0
33.79,29.68,97.41,84.48,0
43.2,39.16,246.53,26.33,0
57.33,31.56,59.98,88.83,0
77.09,79.08,513.1,383.69,1
80.12,75.43,468.75,196.71,1
36.04,29.47,283.26,28.55,0
57.71,46.07,61.68,35.26,0
41.64,30.05,297.89,20.55,0
22.54,51.94,179.07,39.93,0
26.33,46.39,201.16,59.65,0
70.2,76.82,416.28,230.27,1
56.35,47.6,81.71,48.07,0
79.74,70.91,487.95,305.58,1
62.77,24.97,50.95,85.75,0
64.16,28.54,88.68,80.74,0
44.4,51.16,278.4,56.88,0
22.01,57.57,153.54,76.71,0
11.86,35.94,282.14,77.06,0
54.15,20.14,189.63,19.45,0
11.9,44.57,92.37,57.79,0
44.66,23.39,256.02,69.43,0
26.36,22.15,274.45,37.97,0
57.77,38.93,239.65,58.04,0
33.11,34.85,281.5,86.56,0
18.79,53.71,111.28,49.41,0
46.43,34.27,261.74,83.81,0
62.54,30.49,152.91,21.03,0
24.7,43.8,211.42,32.75,0
21.97,43.48,242.52,72.75,0
56.13,48.32,260.53,65.84,0
42.93,48.24,156.81,65.09,0
27.32,32.54,266.69,65.76,0
21.41,52.94,243.77,52.1,0
17.25,28.9,197.62,90.92,0
15.55,48.74,196.43,94.44,0
45.8,46.42,277.56,43.01,0
61.3,29.12,54.07,74.48,0
34.77,49.65,296.93,89.43,0
20.62,43.66,182.76,92.81,0
76.6,80.67,535.83,190.4,1
35.36,40.16,172.92,87.02,0
38.95,56.36,82.19,53.27,0
45.69,22.31,214.32,97.67,0
31.34,21.98,224.38,98.93,0
49.78,43.02,142.52,41.01,0
41.62,41.46,267.46,38.04,0
47.37,40.61,221.67,68.0,0
53.82,27.71,219.57,35.52,0
44.15,56.73,88.54,48.57,0
56.17,22.37,270.01,50.46,0
17.28,23.96,130.66,91.57,0
47.64,36.25,119.45,57.44,0
90.83,68.06,500.32,239.62,1
15.49,58.64,113.69,51.63,0
12.88,40.95,134.39,81.89,0
39.2,25.31,220.82,45.38,0
29.41,33.0,88.48,90.8,0
75.72,79.25,467.75,268.08,1
17.9,53.92,100.43,59.99,0
91.96,60.42,505.11,359.12,1
57.7,49.21,163.16,96.46,0
12.51,44.89,252.47,37.76,0
81.28,70.28,384.67,349.33,1
12.67,44.46,183.67,17.58,0
58.0,49.87,103.15,71.78,0
52.36,45.52,255.92,55.43,0
56.45,52.85,193.96,56.39,0
28.51,26.11,117.18,32.83,0
24.87,20.53,129.44,18.59,0
51.44,35.11,222.83,40.43,0
64.1,42.92,174.57,69.33,0
23.82,20.75,134.2,85.41,0
12.48,46.31,158.05,29.33,0
24.86,46.03,252.19,18.77,0
14.95,56.45,200.12,79.83,0
25.42,53.66,54.39,31.25,0
12.25,23.85,236.03,71.52,0
39.29,38.41,202.42,96.23,0
26.98,40.54,156.34,37.72,0
81.5,63.97,350.74,280.5,1
56.15,32.8,210.35,89.27,0
54.33,31.06,192.64,28.53,0
22.09,58.84,157.34,77.63,0
40.17,48.66,239.19,29.09,0
36.43,57.12,102.45,87.19,0
48.49,35.36,95.45,65.18,0
45.32,47.26,142.88,98.45,0
59.14,50.57,167.18,57.56,0
18.07,35.26,140.45,43.89,0
44.26,43.75,55.85,50.73,0
17.34,49.0,105.02,55.27,0
37.64,43.17,295.17,90.13,0
47.36,42.93,58.98,84.07,0
33.56,52.96,268.23,75.73,0
34.64,46.84,188.05,83.84,0
94.97,94.07,8.18,795.53,1
27.27,28.1,181.21,99.05,0
81.98,75.61,357.96,263.11,1
38.28,34.11,66.2,57.0,0
41.96,34.78,296.89,79.78,0
19.22,53.07,102.52,37.4,0
32.61,41.0,265.31,96.56,0
31.92,26.04,198.42,72.91,0
61.46,51.45,200.66,68.72,0
14.85,55.14,186.71,28.15,0
53.4,40.92,146.74,70.73,0
38.09,25.35,252.11,70.15,0
60.35,35.52,240.11,97.09,0
16.51,38.19,82.99,55.89,0
40.52,35.5,201.67,34.63,0
48.85,46.51,262.38,71.22,0
34.98,21.85,228.46,18.76,0
35.31,44.57,265.56,81.55,0
91.92,64.78,420.86,261.52,1
34.32,49.59,241.49,86.39,0
58.39,24.01,132.32,68.73,0
52.22,37.6,276.27,45.39,0
38.86,44.71,218.88,77.83,0
49.1,31.21,61.18,46.25,0
21.51,58.87,127.84,41.23,0
12.83,56.79,75.6,27.95,0
45.65,32.91,62.3,49.05,0
89.37,92.56,22.71,867.2,1
14.11,21.5,209.72,89.66,0
34.55,22.14,270.62,34.73,0
97.65,92.55,21.07,656.19,1
63.7,42.98,123.36,92.77,0
97.83,88.47,43.53,876.89,1
13.65,28.72,83.68,42.14,0
37.42,46.48,267.15,45.18,0
78.05,77.66,382.03,377.5,1
46.44,29.34,177.26,96.75,0
21.46,21.51,191.23,22.54,0
60.7,46.48,210.63,99.65,0
19.63,23.62,263.63,77.59,0
29.08,49.55,184.39,64.56,0
11.32,38.66,101.83,39.79,0
35.9,30.18,94.17,25.4,0
41.48,41.79,212.58,93.33,0
50.74,56.93,202.44,51.1,0
28.52,57.93,274.39,21.54,0
32.25,42.07,211.38,95.14,0
72.18,79.69,409.97,218.36,1
48.45,22.34,197.7,84.47,0
36.78,37.99,56.46,99.68,0
49.54,25.01,151.27,71.48,0
99.65,95.41,6.29,475.78,1
95.61,99.38,38.71,687.57,1
31.15,52.77,79.14,90.71,0
34.88,24.92,236.56,99.15,0
62.39,20.06,299.35,78.46,0
76.11,80.28,534.34,183.61,1
17.04,47.2,294.71,37.84,0
12.18,55.99,102.19,52.21,0
22.14,36.84,139.52,77.93,0
57.53,44.57,131.85,69.03,0
32.2,30.97,56.73,28.96,0
57.21,22.51,126.01,48.61,0
58.49,25.6,252.25,84.15,0
31.11,39.58,82.06,33.55,0
53.03,34.27,276.15,47.42,0
28.42,43.31,89.49,30.53,0
30.66,55.23,252.97,40.38,0
21.9,54.33,248.2,84.22,0
63.5,49.72,133.63,20.4,0
21.46,57.47,292.14,81.26,0
75.63,73.73,446.22,195.14,1
75.03,60.02,443.76,210.3,1
23.9,34.45,144.49,77.81,0
47.77,31.7,257.36,27.65,0
24.34,51.27,164.5,58.95,0
27.42,22.54,268.71,15.69,0
27.72,29.75,173.89,52.01,0
20.69,47.93,251.1,57.67,0
49.77,41.44,291.26,22.29,0
14.64,23.68,66.23,34.45,0
32.69,45.25,286.32,16.26,0
14.27,38.24,61.33,72.07,0
27.6,32.05,132.67,53.6,0
45.33,46.07,50.57,88.42,0
46.11,29.78,252.16,21.13,0
73.94,78.58,352.45,158.31,1
12.98,58.36,157.93,43.5,0
61.83,56.4,54.72,42.75,0
19.25,49.64,73.96,82.0,0
32.49,21.47,128.76,36.77,0
41.15,20.76,295.78,49.15,0
74.53,78.5,378.13,183.92,1
12.05,59.65,108.03,98.07,0
46.57,21.89,144.45,70.68,0
46.48,44.56,61.59,21.42,0
24.08,32.27,105.91,23.59,0
19.59,27.26,144.71,97.69,0
18.71,49.32,113.54,85.75,0
25.58,25.05,126.07,57.55,0
54.23,44.38,157.05,15.42,0
38.16,37.18,116.91,78.36,0
42.08,34.26,159.32,53.57,0
44.38,54.68,110.63,71.26,0
44.38,27.09,167.97,34.72,0
52.59,33.38,94.39,47.61,0
92.45,86.65,43.12,533.76,1
31.45,26.31,246.88,89.15,0
44.08,36.66,125.04,37.66,0
30.32,29.97,262.25,74.33,0
58.3,51.1,287.24,93.52,0
49.58,46.68,134.52,62.7,0
48.48,36.31,240.47,89.86,0
58.85,49.92,88.52,32.22,0
86.61,69.71,534.76,187.68,1
36.12,26.27,164.42,69.81,0
90.92,78.62,459.41,206.15,1
61.71,31.46,187.13,57.52,0
46.78,21.05,246.2,48.43,0
26.28,38.82,209.73,67.35,0
51.74,51.49,69.29,23.18,0
84.82,72.5,370.3,374.23,1
20.82,38.48,57.31,16.97,0
36.07,35.18,167.88,29.11,0
10.22,23.82,184.08,51.01,0
40.46,48.46,188.98,26.89,0
41.56,24.71,294.8,98.22,0
20.81,50.73,245.75,52.57,0
45.33,53.53,237.17,99.28,0
31.37,48.1,136.12,49.46,0
74.21,62.72,377.74,382.69,1
82.95,82.48,352.27,248.85,1
37.81,46.6,298.37,24.34,0
48.64,35.33,123.03,54.11,0
34.83,46.89,152.92,90.57,0
28.08,44.0,58.22,96.25,0
29.24,50.93,56.88,49.11,0
41.22,30.88,196.28,79.72,0
22.45,30.89,117.97,55.48,0
55.83,46.27,101.28,73.28,0
15.52,21.82,190.84,82.76,0
50.06,58.2,266.24,56.96,0
14.07,30.04,186.1,23.82,0
25.56,46.18,197.58,70.9,0
12.62,32.46,274.74,28.73,0
73.31,74.05,526.34,363.3,1
78.89,73.61,356.6,391.2,1
83.25,66.16,378.88,388.69,1
24.18,55.81,283.63,40.7,0
18.58,22.4,129.81,21.35,0
36.29,59.37,74.04,86.17,0
72.19,83.02,426.43,169.96,1
15.44,48.08,71.6,57.12,0
17.44,48.22,195.74,41.3,0
10.89,25.41,276.55,71.87,0
63.39,40.83,250.75,22.5,0
17.29,41.34,262.77,40.42,0
36.65,47.89,243.15,66.64,0
93.72,90.2,27.09,547.28,1
43.29,29.55,247.15,21.77,0
80.98,75.37,372.24,396.47,1
41.77,31.45,112.38,27.9,0
58.23,23.05,109.37,93.21,0
12.83,43.87,158.34,71.26,0
32.36,30.13,136.1,29.21,0
51.67,39.87,127.97,21.38,0
29.98,39.46,252.18,94.41,0
39.85,48.19,118.98,59.69,0
79.37,75.11,451.34,395.49,1
63.96,21.23,76.49,99.18,0
28.74,38.06,284.77,92.95,0
30.02,40.19,271.63,87.4,0
45.1,23.46,89.02,49.36,0
29.89,34.68,114.75,89.29,0
46.48,23.32,264.76,70.58,0
56.14,20.2,254.6,58.29,0
93.05,83.6,6.82,750.22,1
54.44,55.08,50.86,69.24,0
32.5,43.98,218.08,99.0,0
15.52,25.42,85.18,55.1,0
37.58,24.45,137.79,82.38,0
22.62,42.09,95.25,62.27,0
39.48,38.84,266.58,59.71,0
43.33,43.82,57.99,38.2,0
51.32,30.72,201.33,24.84,0
53.0,48.18,284.0,44.5,0
56.91,50.97,98.56,97.21,0
90.41,64.12,478.63,298.01,1
70.17,83.24,407.85,309.89,1
77.91,72.23,546.11,299.7,1
23.21,25.11,185.11,87.38,0
26.51,44.88,277.51,75.55,0
26.57,44.53,267.9,25.73,0
51.85,23.82,213.95,39.47,0
53.99,31.51,270.95,25.96,0
14.68,40.4,188.87,66.87,0
22.21,33.77,295.33,62.54,0
11.37,59.82,166.16,64.74,0
18.02,28.88,215.16,76.66,0
23.78,56.71,109.89,76.24,0
10.76,52.57,188.14,96.41,0
87.25,74.81,411.21,342.04,1
25.3,43.04,234.14,85.9,0
33.65,45.51,222.37,45.54,0
43.43,41.73,53.69,20.67,0
28.24,38.39,108.38,79.27,0
59.15,23.32,129.59,52.75,0
22.25,46.56,67.28,64.96,0
17.7,28.8,55.12,38.83,0
31.92,44.55,210.04,87.15,0
26.57,50.95,174.72,92.3,0
58.2,20.37,120.5,30.66,0
59.55,26.96,125.37,15.41,0
14.4,48.38,126.95,76.21,0
61.83,35.93,77.0,60.44,0
25.5,58.27,282.04,47.65,0
40.97,35.15,90.54,28.99,0
23.15,50.52,105.41,27.27,0
47.16,31.64,95.32,33.89,0
45.2,56.86,84.82,47.88,0
11.11,53.13,201.28,48.35,0
85.18,75.0,438.52,174.8,1
18.63,25.55,82.76,40.67,0
39.79,50.76,276.29,45.53,0
19.69,36.24,201.03,55.36,0
88.06,84.43,10.68,577.48,1
21.85,53.56,196.59,57.51,0
52.91,52.85,51.9,27.85,0
46.93,21.95,194.11,69.65,0
44.04,39.58,171.8,66.31,0
45.54,27.35,195.44,44.04,0
18.04,53.67,144.14,76.03,0
37.07,40.56,142.12,97.44,0
49.99,43.17,205.41,91.37,0
25.71,51.19,231.74,98.08,0
22.89,58.49,212.72,54.84,0
81.76,61.89,416.3,222.41,1
56.08,37.76,245.59,25.05,0
51.63,27.83,203.57,92.56,0
84.74,84.35,435.58,255.18,1
13.21,27.07,167.73,91.19,0
16.88,51.35,90.03,22.36,0
27.66,41.9,151.69,21.31,0
13.29,25.28,67.31,24.68,0
40.09,57.09,56.01,68.48,0
33.52,33.41,83.87,31.87,0
39.65,43.43,67.9,26.74,0
38.42,31.38,178.16,50.2,0
71.84,67.15,380.44,227.89,1
11.59,49.86,163.39,43.62,0
82.54,73.45,531.57,187.13,1
48.35,28.29,114.91,44.29,0
37.62,35.2,203.15,25.78,0
63.04,48.54,75.82,71.02,0
47.57,36.51,192.53,90.0,0
21.57,40.95,60.31,23.36,0
57.89,52.58,250.96,28.91,0
26.11,37.24,266.45,89.53,0
78.11,80.14,447.57,398.36,1
29.0,58.49,277.4,56.57,0
47.0,32.56,237.84,67.16,0
91.12,88.83,18.21,612.93,1
54.78,43.11,227.04,85.59,0
32.37,25.52,51.45,50.13,0
41.21,33.08,183.46,43.37,0
55.01,22.17,155.43,25.74,0
32.98,39.69,199.32,34.67,0
11.2,37.63,244.41,36.88,0
89.06,61.82,465.11,225.29,1
84.45,82.53,387.21,346.86,1
37.14,42.0,264.26,94.47,0
50.15,20.25,277.68,97.66,0
35.5,55.09,143.4,88.44,0
46.05,38.36,100.9,70.23,0
15.15,38.11,220.16,95.48,0
89.73,84.86,25.01,765.57,1
13.09,42.7,225.79,41.92,0
31.71,36.01,232.46,16.0,0
44.66,46.84,262.18,81.62,0
33.45,20.17,66.84,26.76,0
18.34,52.87,260.25,90.76,0
38.49,40.14,117.11,47.95,0
63.06,41.73,101.15,78.98,0
34.82,43.05,55.74,82.15,0
63.75,41.61,151.37,76.52,0
48.35,35.25,262.96,69.41,0
60.45,55.63,269.18,65.95,0
64.2,56.69,119.98,75.79,0
57.69,25.82,205.41,79.91,0
41.02,28.61,62.48,70.51,0
70.02,62.71,416.36,247.88,1
53.29,41.22,222.73,75.22,0
58.28,28.67,180.98,58.31,0
50.05,21.43,113.82,20.79,0
24.96,22.55,151.42,90.96,0
47.79,53.35,97.73,68.92,0
38.33,28.69,127.57,42.18,0
20.84,44.98,53.01,93.38,0
27.48,31.27,77.5,86.47,0
24.42,23.65,281.79,18.16,0
87.39,76.43,430.96,301.58,1
45.52,28.17,225.43,52.05,0
38.38,35.57,295.24,58.98,0
14.69,42.85,256.65,47.76,0
50.47,40.85,216.0,28.59,0
57.84,48.78,266.21,43.29,0
90.49,83.79,21.04,669.56,1
33.21,37.59,87.49,46.42,0
23.17,29.9,214.03,80.49,0
25.53,35.52,214.86,23.01,0
85.41,68.38,358.66,320.33,1
24.72,37.01,187.01,66.4,0
54.81,51.05,51.62,82.04,0
18.67,53.03,94.69,79.09,0
40.81,45.89,113.76,20.92,0
50.63,22.45,129.98,89.36,0
26.49,24.26,109.64,83.32,0
20.47,56.61,183.79,62.97,0
58.73,53.69,209.73,80.07,0
57.58,53.78,287.53,82.44,0
60.59,58.01,78.99,89.7,0
17.71,25.13,233.12,70.46,0
74.37,79.51,362.3,260.65,1
14.03,53.09,229.08,38.69,0
47.13,39.55,272.11,96.97,0
46.23,53.95,222.93,53.0,0
51.66,53.37,245.93,91.78,0
84.91,74.56,444.95,244.05,1
33.9,50.88,150.66,53.7,0
43.4,48.94,144.41,87.65,0
52.84,20.64,203.75,46.16,0
55.33,31.26,84.6,72.33,0
30.05,51.21,206.04,96.36,0
56.08,43.18,240.06,35.73,0
10.73,20.85,223.32,55.65,0
12.75,24.56,173.21,69.45,0
59.93,33.15,236.31,23.18,0
48.99,56.38,154.76,17.61,0
32.07,42.42,229.44,71.9,0
60.04,43.91,265.88,93.07,0
27.53,40.3,228.43,45.44,0
83.2,62.69,464.09,268.0,1
23.87,29.7,274.06,57.96,0
44.85,54.12,219.69,35.41,0
58.21,23.66,298.73,57.06,0
46.16,36.93,86.56,59.07,0
39.63,30.55,272.24,91.64,0
93.98,82.57,5.12,805.42,1
50.41,46.31,55.2,48.25,0
26.73,49.85,247.48,42.17,0
40.77,33.52,102.12,27.18,0
78.81,76.29,495.93,369.78,1
20.9,29.38,274.65,86.83,0
78.39,77.82,516.52,200.19,1
59.89,22.27,59.43,19.46,0
42.38,22.64,160.84,24.69,0
61.73,54.14,182.92,18.81,0
64.03,29.23,224.76,38.69,0
58.44,44.01,94.93,73.05,0
22.66,56.94,226.57,68.84,0
14.87,50.81,148.48,60.37,0
38.15,52.43,85.08,26.65,0
38.6,33.95,296.04,79.69,0
35.24,47.9,114.11,53.93,0
29.11,48.71,68.41,85.4,0
88.44,86.98,29.68,506.05,1
23.45,54.48,158.16,94.04,0
44.03,31.61,84.88,62.4,0
96.96,82.8,24.0,516.39,1
96.8,87.12,6.3,764.24,1
36.72,39.16,266.69,58.27,0
57.84,25.01,182.69,83.89,0
60.98,37.3,181.49,71.51,0
14.83,46.19,269.77,81.5,0
60.84,26.88,89.73,51.13,0
38.31,47.65,52.8,74.44,0
45.4,23.43,148.79,84.45,0
40.27,45.63,218.99,75.7,0
88.01,85.83,31.27,804.21,1
15.84,32.94,205.62,55.82,0
27.75,44.13,174.0,40.19,0
20.34,42.28,289.9,60.24,0
60.84,56.74,285.3,39.73,0
16.01,57.89,146.88,56.04,0
41.44,58.14,84.77,96.37,0
89.08,68.77,368.56,283.22,1
16.28,59.08,181.4,18.35,0
77.94,61.09,493.68,195.91,1
48.72,27.24,286.97,62.7,0
77.69,71.58,359.96,208.23,1
17.77,27.85,80.87,77.14,0
44.85,22.55,176.79,86.03,0
25.14,42.86,292.26,49.13,0
28.95,59.82,90.51,87.33,0
21.6,24.76,190.2,47.68,0
70.3,83.81,477.79,154.95,1
24.39,26.91,146.22,75.4,0
48.6,42.97,140.87,54.91,0
44.93,59.77,224.32,42.76,0
85.19,80.17,502.53,226.27,1
91.14,69.19,431.6,344.24,1
12.73,35.22,275.8,82.06,0
26.72,57.59,104.72,43.08,0
30.94,37.17,187.24,60.6,0
29.47,54.96,99.66,78.54,0
20.91,31.87,235.35,34.43,0
77.77,73.68,435.79,190.01,1
37.2,37.37,147.91,40.48,0
18.48,54.43,252.85,55.18,0
10.25,40.32,202.24,35.71,0
45.77,50.86,202.52,33.57,0
23.85,29.75,293.85,51.6,0
28.55,41.42,139.01,79.87,0
27.55,22.38,298.63,17.71,0
24.8,38.54,233.2,15.7,0
25.42,56.71,239.54,79.47,0
48.33,37.87,278.67,56.65,0
63.47,32.59,208.73,93.38,0
63.32,20.19,190.56,17.43,0
28.43,59.71,77.48,18.27,0
48.35,20.19,298.11,16.97,0
40.93,32.47,135.85,90.2,0
35.52,30.59,220.95,72.15,0
22.31,39.66,264.62,79.47,0
53.86,49.0,75.14,27.09,0
41.69,30.99,267.23,49.09,0
35.34,30.57,187.84,86.44,0
20.07,46.71,77.75,19.34,0
22.29,27.7,228.73,44.76,0
62.5,30.38,239.15,98.03,0
55.31,45.03,196.15,42.56,0
46.61,56.93,136.01,45.39,0
22.1,38.15,57.81,80.01,0
20.26,53.81,153.93,31.98,0
31.19,59.91,85.1,22.38,0
36.16,58.53,229.79,79.81,0
51.86,30.29,75.38,79.03,0
24.16,24.74,293.93,70.68,0
10.78,44.86,64.8,63.54,0
55.77,29.62,247.52,34.96,0
28.48,22.95,236.18,94.99,0
11.79,33.2,203.89,65.16,0
55.15,56.58,225.97,50.6,0
54.21,57.91,288.07,33.3,0
55.53,41.24,189.01,96.37,0
28.93,57.43,214.39,70.27,0
30.31,52.64,150.18,46.13,0
73.18,64.39,494.47,176.77,1
35.93,50.68,160.39,54.66,0
13.52,48.73,123.2,17.06,0
24.23,55.81,180.33,75.12,0
23.68,55.32,143.13,92.8,0
12.1,46.13,89.2,98.41,0
16.53,45.7,130.17,49.68,0
16.31,46.93,166.92,25.75,0
91.12,80.22,531.94,203.41,1
16.13,37.09,221.33,22.09,0
37.69,29.14,204.64,28.32,0
23.54,42.69,68.88,42.39,0
35.33,51.12,78.48,17.29,0
38.26,38.05,50.24,69.69,0
42.72,44.75,232.25,46.72,0
23.99,32.71,52.59,99.0,0
52.69,35.09,251.73,35.74,0
43.71,55.48,236.19,41.32,0
13.04,43.78,175.75,53.47,0
23.08,51.16,118.05,66.39,0
21.31,36.32,222.44,72.75,0
13.78,48.44,86.55,82.05,0
15.29,23.02,110.9,61.7,0
19.49,21.94,237.59,23.51,0
30.64,24.02,127.63,27.66,0
39.45,41.88,140.42,35.06,0
40.26,27.88,232.8,89.93,0
38.76,48.95,209.29,33.89,0
23.07,42.61,216.89,22.31,0
80.54,66.14,426.08,153.16,1
42.59,32.25,171.52,55.98,0
11.27,25.18,114.24,75.97,0
63.16,56.53,164.19,51.86,0
30.09,51.77,248.61,72.06,0
27.64,27.21,164.69,59.97,0
16.06,51.24,238.37,67.89,0
26.72,30.38,140.84,66.47,0
31.75,33.54,255.68,66.0,0
37.42,29.45,161.54,73.17,0
51.54,40.04,153.82,27.02,0
42.16,36.03,83.62,49.15,0
60.8,37.62,104.69,17.15,0
21.41,23.94,186.12,87.43,0
25.76,59.71,91.47,26.88,0
61.02,50.46,122.17,47.37,0
26.34,35.64,145.32,57.01,0
22.01,31.87,219.99,21.09,0
52.85,47.37,93.53,72.03,0
26.25,29.07,200.24,99.18,0
21.4,56.92,115.48,17.31,0
27.23,41.55,191.34,65.42,0
90.39,65.41,460.24,344.85,1
11.56,41.65,171.61,66.28,0
32.09,29.08,260.73,80.07,0
19.96,58.08,244.87,75.09,0
72.5,76.1,446.51,164.41,1
22.27,22.58,276.96,19.24,0
47.71,43.16,70.49,53.39,0
18.63,39.19,179.65,16.74,0
34.55,43.34,297.23,49.04,0
55.51,33.39,162.05,67.09,0
49.99,46.25,258.16,55.55,0
43.79,44.97,64.22,28.7,0
72.34,63.11,405.83,363.42,1
64.33,34.24,234.44,62.0,0
15.61,57.62,291.98,51.78,0
44.75,47.39,289.39,75.06,0
23.38,59.73,100.03,23.0,0
63.96,34.66,138.1,84.53,0
51.43,24.13,199.17,66.75,0
60.26,40.28,72.17,86.33,0
56.91,48.42,212.07,90.4,0
39.17,57.91,224.42,24.68,0
55.28,39.98,156.5,56.97,0
47.58,26.87,147.25,83.21,0
33.19,24.82,259.39,21.53,0
38.98,30.71,59.16,87.07,0
43.11,22.25,169.06,28.88,0
26.27,40.64,133.23,34.12,0
59.71,52.81,108.61,65.8,0
51.72,24.95,170.46,38.67,0
43.21,26.17,277.69,81.06,0
72.33,80.22,363.95,300.05,1
27.75,55.22,66.69,77.82,0
99.38,85.08,27.21,610.49,1
61.43,52.76,297.86,75.07,0
12.05,47.85,148.79,63.57,0
24.2,52.99,230.83,62.16,0
15.16,35.58,244.0,66.26,0
52.45,38.81,149.99,71.23,0
62.69,21.85,196.79,74.14,0
58.51,43.17,166.2,68.52,0
70.71,84.63,472.26,366.56,1
35.35,45.44,273.01,42.93,0
90.37,70.46,451.64,166.64,1
62.96,38.82,283.58,53.49,0
17.48,39.15,106.59,39.97,0
60.59,32.23,212.61,69.94,0
61.98,23.76,204.18,89.76,0
22.62,52.38,152.95,92.55,0
22.91,32.51,275.45,23.0,0
45.68,32.4,117.11,40.21,0
98.47,85.42,35.12,734.08,1
25.37,52.34,238.48,15.62,0
34.16,34.04,273.61,22.72,0
38.31,46.29,294.97,50.4,0
43.7,43.04,75.76,57.07,0
39.65,48.27,274.31,54.73,0
55.69,25.37,259.69,99.16,0
44.3,40.34,256.16,47.77,0
59.6,51.2,56.79,31.97,0
43.91,27.25,194.48,99.16,0
62.62,29.67,145.56,47.44,0
61.51,36.94,93.32,29.27,0
22.74,35.35,192.17,22.89,0
55.25,51.3,97.97,72.53,0
53.62,51.34,126.39,38.84,0
18.18,20.09,156.16,30.1,0
24.86,27.65,251.49,72.34,0
22.65,29.53,102.17,46.53,0
86.23,69.53,530.51,213.6,1
33.91,52.33,252.98,29.94,0
40.91,35.35,205.06,26.35,0
11.15,30.76,135.01,85.79,0
29.11,58.96,263.14,68.86,0
87.75,84.72,471.76,369.78,1
88.56,81.64,399.75,256.73,1
89.22,70.55,415.35,230.68,1
57.4,36.19,61.2,53.92,0
38.77,20.18,240.51,82.84,0
17.5,40.35,163.83,94.44,0
96.87,92.21,23.09,588.65,1
93.16,91.78,32.51,529.11,1
48.54,38.3,263.34,69.61,0
89.06,70.83,360.3,361.57,1
59.95,23.23,290.84,33.27,0
53.79,58.04,283.09,53.08,0
36.42,34.34,158.03,42.69,0
14.21,49.12,155.59,16.7,0
37.03,31.7,190.74,76.47,0
25.62,28.3,291.39,66.91,0
33.92,40.68,54.66,97.99,0
77.13,82.73,479.14,345.38,1
48.91,51.64,107.33,44.17,0
55.37,49.98,116.07,30.13,0
13.97,53.26,184.26,29.26,0
34.51,32.03,58.32,26.05,0
57.42,54.37,184.73,89.06,0
93.13,83.45,21.94,815.46,1
53.43,45.17,240.15,36.2,0
41.51,50.35,151.8,62.54,0
31.19,32.92,137.7,16.61,0
11.2,23.18,241.03,52.34,0
43.06,23.36,251.63,70.12,0
26.17,56.83,264.91,27.53,0
85.58,71.49,454.84,339.75,1
21.89,33.1,86.67,95.36,0
21.86,32.16,120.31,68.45,0
37.98,43.91,236.8,76.09,0
39.55,46.97,87.63,33.9,0
33.19,39.07,260.55,91.68,0
22.09,24.96,161.63,38.79,0
35.39,37.12,218.8,90.67,0
61.88,37.78,128.29,18.5,0
60.02,56.59,201.36,84.17,0
37.27,50.94,143.58,38.17,0
23.17,31.41,175.61,43.41,0
56.66,37.85,164.92,36.57,0
11.51,50.13,110.01,48.09,0
36.14,21.0,268.03,16.91,0
79.27,68.87,411.63,261.29,1
14.85,32.68,167.8,32.65,0
13.27,43.53,247.19,69.68,0
